pincode,post_office,district,state
515631,Bo,Anantapur,Andhra Pradesh
515581,Bo,Anantapur,Andhra Pradesh
515571,Bo,Anantapur,Andhra Pradesh
515311,Bo,Anantapur,Andhra Pradesh
515281,Bo,Anantapur,Andhra Pradesh
515241,Bo,Anantapur,Andhra Pradesh
534176,Bo,West Godavari,Andhra Pradesh
813105,Bo,Banka,Bihar
813203,Bo,Bhagalpur,Bihar
853202,Bo,Bhagalpur,Bihar
813222,Bo,Bhagalpur,Bihar
812005,Bo,Bhagalpur,Bihar
853203,Bo,Bhagalpur,Bihar
812006,Bo,Bhagalpur,Bihar
853204,Bo,Madhepura,Bihar
813209,Bo,Bhagalpur,Bihar
530052,Bo,Visakhapatanam,Andhra Pradesh
515871,Bo,Anantapur,Andhra Pradesh
515842,Bo,Anantapur,Andhra Pradesh
515803,Bo,Anantapur,Andhra Pradesh
515775,Bo,Anantapur,Andhra Pradesh
515405,Bo,Anantapur,Andhra Pradesh
515865,Bo,Anantapur,Andhra Pradesh
515455,Bo,Anantapur,Andhra Pradesh
515611,Bo,Anantapur,Andhra Pradesh
515867,Bo,Anantapur,Andhra Pradesh
515812,Bo,Anantapur,Andhra Pradesh
515832,Bo,Anantapur,Andhra Pradesh
515870,Bo,Anantapur,Andhra Pradesh
531173,Bo,Visakhapatanam,Andhra Pradesh
531219,Bo,Visakhapatanam,Andhra Pradesh
853205,Bo,Bhagalpur,Bihar
813210,Bo,Bhagalpur,Bihar
813108,Bo,Bhagalpur,Bihar
813212,Bo,Banka,Bihar
515101,Bo,Anantapur,Andhra Pradesh
503186,Bo,Nizamabad,Telangana
503180,Bo,Nizamabad,Telangana
503187,Bo,Kamareddy,Telangana
503101,Bo,Kamareddy,Telangana
503125,Bo,Kamareddy,Telangana
503112,Bo,Kamareddy,Telangana
344704,Bo,Barmer,Rajasthan
344032,Bo,Barmer,Rajasthan
342002,Po,Jodhpur,Rajasthan
344706,Bo,Barmer,Rajasthan
503124,Bo,Kamareddy,Telangana
503309,Bo,Kamareddy,Telangana
503108,Bo,Kamareddy,Telangana
503302,Bo,Kamareddy,Telangana
503201,Bo,Nizamabad,Telangana
503306,Bo,Kamareddy,Telangana
503123,Bo,Kamareddy,Telangana
503102,Bo,Kamareddy,Telangana
516129,Bo,Y.S.R.,Andhra Pradesh
516237,Bo,Y.S.R.,Andhra Pradesh
516130,Bo,Y.S.R.,Andhra Pradesh
516151,Bo,Y.S.R.,Andhra Pradesh
147111,Bo,Patiala,Punjab
208001,Po,Kanpur Nagar,Uttar Pradesh
503310,Bo,Kamareddy,Telangana
503110,Bo,Kamareddy,Telangana
503145,Bo,Kamareddy,Telangana
503120,Bo,Kamareddy,Telangana
503235,Bo,Nizamabad,Telangana
503321,Bo,Kamareddy,Telangana
503185,Bo,Nizamabad,Telangana
503230,Bo,Nizamabad,Telangana
503202,Bo,Nizamabad,Telangana
503246,Bo,Nizamabad,Telangana
503305,Bo,Kamareddy,Telangana
273001,Po,Gorakhpur,Uttar Pradesh
505186,Bo,Peddapalli,Telangana
505153,Bo,Peddapalli,Telangana
505162,Bo,Peddapalli,Telangana
505152,Bo,Peddapalli,Telangana
505514,Bo,Peddapalli,Telangana
505187,Bo,Peddapalli,Telangana
505212,Bo,Peddapalli,Telangana
505525,Bo,Peddapalli,Telangana
505209,Bo,Peddapalli,Telangana
505188,Bo,Peddapalli,Telangana
505122,Bo,Karimnagar,Telangana
505498,Bo,Karimnagar,Telangana
524324,Po,Spsr Nellore,Andhra Pradesh
501301,Bo,Medchal Malkajgiri,Telangana
500088,Bo,Medchal Malkajgiri,Telangana
500100,Bo,Medchal Malkajgiri,Telangana
501401,Bo,Medchal Malkajgiri,Telangana
501102,Bo,Vikarabad,Telangana
500101,Bo,Medchal Malkajgiri,Telangana
500078,Bo,Medchal Malkajgiri,Telangana
501509,Bo,Ranga Reddy,Telangana
500043,Bo,Medchal Malkajgiri,Telangana
500087,Bo,Medchal Malkajgiri,Telangana
501505,Po,Ranga Reddy,Telangana
500055,Bo,Medchal Malkajgiri,Telangana
813207,Bo,Banka,Bihar
813110,Bo,Banka,Bihar
813109,Bo,Banka,Bihar
813107,Bo,Banka,Bihar
813211,Bo,Banka,Bihar
522658,Bo,Guntur,Andhra Pradesh
522614,Bo,Guntur,Andhra Pradesh
344011,Bo,Barmer,Rajasthan
342304,Bo,Jodhpur,Rajasthan
142049,Po,Moga,Punjab
503207,Bo,Nizamabad,Telangana
851210,Bo,Begusarai,Bihar
851127,Bo,Begusarai,Bihar
534239,Bo,West Godavari,Andhra Pradesh
534237,Bo,West Godavari,Andhra Pradesh
534247,Bo,West Godavari,Andhra Pradesh
534202,Bo,West Godavari,Andhra Pradesh
534243,Bo,West Godavari,Andhra Pradesh
534199,Bo,West Godavari,Andhra Pradesh
848201,Bo,Begusarai,Bihar
534134,Bo,West Godavari,Andhra Pradesh
502293,Bo,Sangareddy,Telangana
502284,Po,Sangareddy,Telangana
851113,Bo,Begusarai,Bihar
851111,Bo,Begusarai,Bihar
851112,Bo,Begusarai,Bihar
503301,Bo,Kamareddy,Telangana
503206,Bo,Nizamabad,Telangana
503245,Bo,Nizamabad,Telangana
585447,Po,Bidar,Karnataka
585404,Bo,Bidar,Karnataka
151214,Po,Faridkot,Punjab
503114,Bo,Kamareddy,Telangana
503144,Bo,Kamareddy,Telangana
503122,Bo,Kamareddy,Telangana
507204,Bo,Khammam,Telangana
507169,Bo,Khammam,Telangana
507208,Bo,Khammam,Telangana
507002,Bo,Khammam,Telangana
507168,Bo,Khammam,Telangana
507003,Bo,Khammam,Telangana
507158,Bo,Khammam,Telangana
507209,Bo,Khammam,Telangana
507122,Bo,Khammam,Telangana
851120,Bo,Begusarai,Bihar
848204,Bo,Begusarai,Bihar
851204,Bo,Begusarai,Bihar
851211,Bo,Begusarai,Bihar
847451,Bo,Supaul,Bihar
851128,Bo,Begusarai,Bihar
502114,Bo,Siddipet,Telangana
534238,Bo,West Godavari,Andhra Pradesh
534240,Bo,West Godavari,Andhra Pradesh
534206,Bo,West Godavari,Andhra Pradesh
534210,Bo,West Godavari,Andhra Pradesh
472445,Bo,Niwari,Madhya Pradesh
851213,Bo,Khagaria,Bihar
851214,Bo,Khagaria,Bihar
851201,Bo,Khagaria,Bihar
515231,Bo,Anantapur,Andhra Pradesh
515271,Bo,Anantapur,Andhra Pradesh
515164,Bo,Anantapur,Andhra Pradesh
515212,Bo,Anantapur,Andhra Pradesh
515303,Bo,Anantapur,Andhra Pradesh
515556,Bo,Anantapur,Andhra Pradesh
515661,Bo,Anantapur,Andhra Pradesh
515672,Bo,Anantapur,Andhra Pradesh
515521,Bo,Anantapur,Andhra Pradesh
515591,Bo,Anantapur,Andhra Pradesh
515641,Bo,Anantapur,Andhra Pradesh
515531,Bo,Anantapur,Andhra Pradesh
515541,Bo,Anantapur,Andhra Pradesh
515511,Bo,Anantapur,Andhra Pradesh
515551,Bo,Anantapur,Andhra Pradesh
515154,Bo,Anantapur,Andhra Pradesh
515501,Bo,Anantapur,Andhra Pradesh
515341,Bo,Anantapur,Andhra Pradesh
515286,Bo,Anantapur,Andhra Pradesh
515144,Bo,Anantapur,Andhra Pradesh
505129,Bo,Karimnagar,Telangana
505470,Bo,Karimnagar,Telangana
505505,Bo,Karimnagar,Telangana
505474,Bo,Karimnagar,Telangana
505475,Bo,Karimnagar,Telangana
505502,Bo,Karimnagar,Telangana
505490,Bo,Karimnagar,Telangana
505472,Bo,Siddipet,Telangana
505101,Bo,Karimnagar,Telangana
505480,Bo,Karimnagar,Telangana
754031,Bo,Cuttack,Odisha
754028,Bo,Cuttack,Odisha
754027,Bo,Cuttack,Odisha
754037,Bo,Cuttack,Odisha
754022,Bo,Cuttack,Odisha
754290,Bo,Cuttack,Odisha
505497,Bo,Warangal Urban,Telangana
505102,Bo,Warangal Urban,Telangana
505471,Bo,Warangal Urban,Telangana
505476,Bo,Warangal Urban,Telangana
515133,Bo,Anantapur,Andhra Pradesh
515159,Bo,Anantapur,Andhra Pradesh
515651,Bo,Anantapur,Andhra Pradesh
141114,Bo,Ludhiana,Punjab
824304,Po,Aurangabad,Bihar
802204,Bo,Bhojpur,Bihar
802158,Bo,Bhojpur,Bihar
523264,Bo,Prakasam,Andhra Pradesh
523263,Bo,Prakasam,Andhra Pradesh
524221,Bo,Spsr Nellore,Andhra Pradesh
524240,Bo,Spsr Nellore,Andhra Pradesh
524152,Bo,Spsr Nellore,Andhra Pradesh
524222,Bo,Spsr Nellore,Andhra Pradesh
524236,Bo,Spsr Nellore,Andhra Pradesh
523262,Bo,Prakasam,Andhra Pradesh
524223,Bo,Spsr Nellore,Andhra Pradesh
524224,Bo,Spsr Nellore,Andhra Pradesh
524239,Bo,Spsr Nellore,Andhra Pradesh
501503,Bo,Ranga Reddy,Telangana
501121,Bo,Vikarabad,Telangana
501202,Bo,Vikarabad,Telangana
501111,Bo,Vikarabad,Telangana
501142,Bo,Vikarabad,Telangana
501501,Bo,Vikarabad,Telangana
501203,Bo,Ranga Reddy,Telangana
501141,Bo,Vikarabad,Telangana
813213,Bo,Bhagalpur,Bihar
531084,Bo,Visakhapatanam,Andhra Pradesh
531114,Bo,Visakhapatanam,Andhra Pradesh
531022,Bo,Visakhapatanam,Andhra Pradesh
444602,Po,Amravati,Maharashtra
531126,Bo,Visakhapatanam,Andhra Pradesh
516329,Bo,Y.S.R.,Andhra Pradesh
516293,Bo,Y.S.R.,Andhra Pradesh
516321,Bo,Y.S.R.,Andhra Pradesh
531149,Bo,Visakhapatanam,Andhra Pradesh
501144,Bo,Vikarabad,Telangana
501504,Bo,Ranga Reddy,Telangana
524300,Po,Spsr Nellore,Andhra Pradesh
524142,Bo,Spsr Nellore,Andhra Pradesh
852161,Bo,Khagaria,Bihar
534208,Bo,West Godavari,Andhra Pradesh
534204,Bo,West Godavari,Andhra Pradesh
534207,Bo,West Godavari,Andhra Pradesh
851118,Bo,Begusarai,Bihar
533274,Bo,East Godavari,Andhra Pradesh
533253,Bo,East Godavari,Andhra Pradesh
533250,Bo,East Godavari,Andhra Pradesh
533247,Bo,East Godavari,Andhra Pradesh
533229,Bo,East Godavari,Andhra Pradesh
533248,Bo,East Godavari,Andhra Pradesh
533238,Bo,East Godavari,Andhra Pradesh
533236,Bo,East Godavari,Andhra Pradesh
533251,Bo,East Godavari,Andhra Pradesh
533244,Bo,East Godavari,Andhra Pradesh
533249,Bo,East Godavari,Andhra Pradesh
515445,Bo,Anantapur,Andhra Pradesh
515002,Bo,Anantapur,Andhra Pradesh
533290,Bo,East Godavari,Andhra Pradesh
754025,Bo,Cuttack,Odisha
802205,Bo,Rohtas,Bihar
768033,Bo,Bargarh,Odisha
147007,Bo,Patiala,Punjab
140402,Bo,Patiala,Punjab
333517,Po,Jhunjhunu,Rajasthan
847122,Bo,Madhubani,Bihar
331027,Bo,Jhunjhunu,Rajasthan
333020,Po,Jhunjhunu,Rajasthan
333055,Po,Jhunjhunu,Rajasthan
759151,Po,Dhenkanal,Odisha
201001,Po,Ghaziabad,Uttar Pradesh
847227,Bo,Madhubani,Bihar
847232,Bo,Madhubani,Bihar
847421,Bo,Madhubani,Bihar
847231,Bo,Madhubani,Bihar
847214,Bo,Madhubani,Bihar
503003,Bo,Nizamabad,Telangana
575009,Po,Dakshina Kannada,Karnataka
141110,Bo,Ludhiana,Punjab
802183,Bo,Bhojpur,Bihar
802313,Bo,Bhojpur,Bihar
802206,Bo,Bhojpur,Bihar
802314,Bo,Bhojpur,Bihar
802159,Bo,Bhojpur,Bihar
847301,Bo,Samastipur,Bihar
282001,Po,Agra,Uttar Pradesh
501106,Bo,Vikarabad,Telangana
516213,Bo,Y.S.R.,Andhra Pradesh
383002,Bo,Sabar Kantha,Gujarat
383422,Bo,Sabar Kantha,Gujarat
343029,Bo,Jalore,Rajasthan
382430,Po,Ahmadabad,Gujarat
847104,Bo,Darbhanga,Bihar
847302,Bo,Darbhanga,Bihar
846003,Bo,Darbhanga,Bihar
384330,Bo,Mahesana,Gujarat
494230,Bo,Kondagaon,Chhattisgarh
151214,Bo,Faridkot,Punjab
141008,Po,Ludhiana,Punjab
504204,Bo,Mancherial,Telangana
504201,Bo,Mancherial,Telangana
504294,Bo,Kumuram Bheem Asifabad,Telangana
504302,Bo,Mancherial,Telangana
504206,Bo,Mancherial,Telangana
504207,Bo,Mancherial,Telangana
504216,Bo,Mancherial,Telangana
504205,Bo,Mancherial,Telangana
504231,Bo,Mancherial,Telangana
504214,Bo,Mancherial,Telangana
504215,Bo,Mancherial,Telangana
504209,Bo,Mancherial,Telangana
504219,Bo,Kumuram Bheem Asifabad,Telangana
503307,Bo,Nizamabad,Telangana
503165,Bo,Nizamabad,Telangana
503175,Bo,Nizamabad,Telangana
503164,Bo,Nizamabad,Telangana
533237,Bo,East Godavari,Andhra Pradesh
515561,Bo,Anantapur,Andhra Pradesh
506342,Bo,Warangal Rural,Telangana
507210,Bo,Mahabubabad,Telangana
847204,Bo,Darbhanga,Bihar
847427,Bo,Darbhanga,Bihar
506112,Bo,Mahabubabad,Telangana
506135,Bo,Mahabubabad,Telangana
495116,Bo,Bilaspur,Chhattisgarh
495004,Bo,Bilaspur,Chhattisgarh
516193,Bo,Y.S.R.,Andhra Pradesh
516003,Bo,Y.S.R.,Andhra Pradesh
516269,Bo,Y.S.R.,Andhra Pradesh
516215,Bo,Y.S.R.,Andhra Pradesh
516002,Bo,Y.S.R.,Andhra Pradesh
516505,Bo,Y.S.R.,Andhra Pradesh
516268,Bo,Y.S.R.,Andhra Pradesh
516105,Bo,Y.S.R.,Andhra Pradesh
516501,Bo,Y.S.R.,Andhra Pradesh
516128,Bo,Y.S.R.,Andhra Pradesh
516101,Bo,Y.S.R.,Andhra Pradesh
494347,Bo,Kondagaon,Chhattisgarh
494237,Bo,Kondagaon,Chhattisgarh
494010,Bo,Bastar,Chhattisgarh
494552,Bo,Dantewada,Chhattisgarh
503308,Bo,Nizamabad,Telangana
503218,Bo,Nizamabad,Telangana
503213,Bo,Nizamabad,Telangana
516247,Bo,Y.S.R.,Andhra Pradesh
516126,Bo,Y.S.R.,Andhra Pradesh
516152,Bo,Y.S.R.,Andhra Pradesh
516150,Bo,Y.S.R.,Andhra Pradesh
495224,Bo,Bilaspur,Chhattisgarh
495112,Bo,Bilaspur,Chhattisgarh
495222,Bo,Bilaspur,Chhattisgarh
495550,Bo,Bilaspur,Chhattisgarh
495113,Bo,Bilaspur,Chhattisgarh
847105,Bo,Samastipur,Bihar
759147,Bo,Anugul,Odisha
754023,Bo,Jajapur,Odisha
754296,Bo,Jajapur,Odisha
754024,Bo,Jajapur,Odisha
755013,Bo,Jajapur,Odisha
160055,Po,S.A.S Nagar,Punjab
755043,Bo,Jajapur,Odisha
755014,Bo,Jajapur,Odisha
639103,Po,Tiruchirappalli,Tamil Nadu
754082,Bo,Jajapur,Odisha
505425,Bo,Jagitial,Telangana
755016,Bo,Kendrapara,Odisha
754217,Bo,Kendrapara,Odisha
754219,Bo,Kendrapara,Odisha
754218,Bo,Kendrapara,Odisha
754253,Bo,Kendrapara,Odisha
754239,Bo,Kendrapara,Odisha
754208,Bo,Kendrapara,Odisha
754292,Bo,Kendrapara,Odisha
754222,Bo,Kendrapara,Odisha
754240,Bo,Kendrapara,Odisha
754210,Bo,Kendrapara,Odisha
754289,Bo,Kendrapara,Odisha
754214,Bo,Kendrapara,Odisha
754248,Bo,Kendrapara,Odisha
754244,Bo,Kendrapara,Odisha
754216,Bo,Kendrapara,Odisha
754223,Bo,Kendrapara,Odisha
505529,Bo,Jagitial,Telangana
505460,Bo,Jagitial,Telangana
754295,Bo,Cuttack,Odisha
754032,Bo,Cuttack,Odisha
802222,Bo,Bhojpur,Bihar
802162,Bo,Bhojpur,Bihar
533232,Bo,East Godavari,Andhra Pradesh
535525,Bo,Vizianagaram,Andhra Pradesh
535005,Bo,Visakhapatanam,Andhra Pradesh
515763,Bo,Anantapur,Andhra Pradesh
515701,Bo,Anantapur,Andhra Pradesh
755017,Bo,Jajapur,Odisha
755018,Bo,Jajapur,Odisha
754205,Bo,Jajapur,Odisha
755036,Bo,Jajapur,Odisha
755027,Bo,Jajapur,Odisha
755003,Bo,Jajapur,Odisha
516401,Bo,Y.S.R.,Andhra Pradesh
335522,Po,Hanumangarh,Rajasthan
506105,Bo,Mahabubabad,Telangana
506315,Bo,Mahabubabad,Telangana
506368,Bo,Mahabubabad,Telangana
506132,Bo,Warangal Rural,Telangana
506104,Bo,Mahabubabad,Telangana
506122,Bo,Warangal Rural,Telangana
506102,Bo,Mahabubabad,Telangana
506365,Bo,Warangal Rural,Telangana
506369,Bo,Warangal Rural,Telangana
506006,Bo,Warangal Urban,Telangana
506330,Bo,Warangal Rural,Telangana
495552,Bo,Janjgir-Champa,Chhattisgarh
495559,Bo,Janjgir-Champa,Chhattisgarh
495668,Bo,Janjgir-Champa,Chhattisgarh
495669,Bo,Janjgir-Champa,Chhattisgarh
515408,Bo,Anantapur,Andhra Pradesh
515415,Bo,Anantapur,Andhra Pradesh
515751,Bo,Anantapur,Andhra Pradesh
533107,Bo,East Godavari,Andhra Pradesh
535260,Bo,Vizianagaram,Andhra Pradesh
535126,Bo,Vizianagaram,Andhra Pradesh
535124,Bo,Vizianagaram,Andhra Pradesh
516349,Bo,Y.S.R.,Andhra Pradesh
517194,Bo,Chittoor,Andhra Pradesh
517305,Bo,Chittoor,Andhra Pradesh
517152,Bo,Chittoor,Andhra Pradesh
517297,Bo,Chittoor,Andhra Pradesh
517213,Bo,Chittoor,Andhra Pradesh
517236,Bo,Chittoor,Andhra Pradesh
517234,Bo,Chittoor,Andhra Pradesh
847304,Bo,Darbhanga,Bihar
847121,Bo,Darbhanga,Bihar
847107,Bo,Darbhanga,Bihar
846009,Bo,Darbhanga,Bihar
847115,Bo,Darbhanga,Bihar
847306,Bo,Darbhanga,Bihar
846005,Bo,Darbhanga,Bihar
847307,Bo,Darbhanga,Bihar
847337,Bo,Darbhanga,Bihar
846007,Bo,Darbhanga,Bihar
847123,Bo,Darbhanga,Bihar
847202,Bo,Darbhanga,Bihar
305813,Bo,Ajmer,Rajasthan
305811,Bo,Ajmer,Rajasthan
741123,Bo,Nadia,West Bengal
305004,Po,Ajmer,Rajasthan
847101,Bo,Darbhanga,Bihar
847203,Bo,Darbhanga,Bihar
845432,Bo,Purbi Champaran,Bihar
845433,Bo,Purbi Champaran,Bihar
845305,Bo,Purbi Champaran,Bihar
845434,Bo,Purbi Champaran,Bihar
845435,Bo,Purbi Champaran,Bihar
845456,Bo,Purbi Champaran,Bihar
845436,Bo,Purbi Champaran,Bihar
845437,Bo,Purbi Champaran,Bihar
506103,Bo,Mahabubabad,Telangana
506007,Bo,Warangal Urban,Telangana
847303,Bo,Darbhanga,Bihar
495663,Bo,Janjgir-Champa,Chhattisgarh
501143,Bo,Vikarabad,Telangana
501502,Bo,Vikarabad,Telangana
501158,Bo,Vikarabad,Telangana
524421,Bo,Spsr Nellore,Andhra Pradesh
524126,Bo,Spsr Nellore,Andhra Pradesh
524323,Bo,Spsr Nellore,Andhra Pradesh
524129,Bo,Spsr Nellore,Andhra Pradesh
524345,Bo,Spsr Nellore,Andhra Pradesh
524121,Bo,Spsr Nellore,Andhra Pradesh
524408,Bo,Spsr Nellore,Andhra Pradesh
524313,Bo,Spsr Nellore,Andhra Pradesh
524366,Bo,Spsr Nellore,Andhra Pradesh
524303,Bo,Spsr Nellore,Andhra Pradesh
524308,Bo,Spsr Nellore,Andhra Pradesh
524302,Bo,Spsr Nellore,Andhra Pradesh
524002,Bo,Spsr Nellore,Andhra Pradesh
524311,Bo,Spsr Nellore,Andhra Pradesh
524318,Bo,Spsr Nellore,Andhra Pradesh
524319,Bo,Spsr Nellore,Andhra Pradesh
500036,Bo,Hyderabad,Telangana
523171,Bo,Prakasam,Andhra Pradesh
523190,Bo,Prakasam,Andhra Pradesh
523167,Bo,Prakasam,Andhra Pradesh
523181,Bo,Prakasam,Andhra Pradesh
523184,Bo,Prakasam,Andhra Pradesh
523169,Bo,Prakasam,Andhra Pradesh
523157,Bo,Prakasam,Andhra Pradesh
523185,Bo,Prakasam,Andhra Pradesh
523170,Bo,Prakasam,Andhra Pradesh
847106,Bo,Darbhanga,Bihar
845401,Bo,Purbi Champaran,Bihar
841302,Bo,Saran,Bihar
503225,Bo,Nizamabad,Telangana
503212,Bo,Nizamabad,Telangana
503219,Bo,Nizamabad,Telangana
503311,Bo,Nizamabad,Telangana
503223,Bo,Nizamabad,Telangana
494635,Bo,Kanker,Chhattisgarh
494335,Bo,Kanker,Chhattisgarh
494332,Bo,Kanker,Chhattisgarh
523281,Bo,Prakasam,Andhra Pradesh
523271,Bo,Prakasam,Andhra Pradesh
500005,Bo,Ranga Reddy,Telangana
500113,Bo,Ranga Reddy,Telangana
501359,Bo,Ranga Reddy,Telangana
501218,Bo,Ranga Reddy,Telangana
500112,Bo,Ranga Reddy,Telangana
501505,Bo,Ranga Reddy,Telangana
501506,Bo,Ranga Reddy,Telangana
501510,Bo,Ranga Reddy,Telangana
494111,Bo,Sukma,Chhattisgarh
494442,Bo,Bastar,Chhattisgarh
494115,Bo,Sukma,Chhattisgarh
507182,Bo,Khammam,Telangana
507159,Bo,Khammam,Telangana
491441,Bo,Rajnandgaon,Chhattisgarh
535463,Bo,Vizianagaram,Andhra Pradesh
535523,Bo,Vizianagaram,Andhra Pradesh
503188,Bo,Vizianagaram,Andhra Pradesh
535594,Bo,Vizianagaram,Andhra Pradesh
535521,Bo,Vizianagaram,Andhra Pradesh
535524,Bo,Vizianagaram,Andhra Pradesh
535526,Bo,Vizianagaram,Andhra Pradesh
535534,Bo,Vizianagaram,Andhra Pradesh
535582,Po,Vizianagaram,Andhra Pradesh
488059,Bo,Panna,Madhya Pradesh
212308,Po,Prayagraj,Uttar Pradesh
522646,Bo,Guntur,Andhra Pradesh
522401,Bo,Guntur,Andhra Pradesh
533436,Bo,East Godavari,Andhra Pradesh
533291,Bo,East Godavari,Andhra Pradesh
533446,Bo,East Godavari,Andhra Pradesh
533408,Bo,East Godavari,Andhra Pradesh
533401,Bo,East Godavari,Andhra Pradesh
501508,Bo,Ranga Reddy,Telangana
501512,Bo,Ranga Reddy,Telangana
501511,Bo,Ranga Reddy,Telangana
500039,Bo,Medchal Malkajgiri,Telangana
494448,Bo,Bijapur,Chhattisgarh
508253,Bo,Yadadri Bhuvanagiri,Telangana
506003,Bo,Warangal Urban,Telangana
534267,Bo,West Godavari,Andhra Pradesh
848202,Bo,Begusarai,Bihar
851129,Bo,Begusarai,Bihar
851130,Bo,Begusarai,Bihar
851203,Bo,Khagaria,Bihar
851205,Bo,Khagaria,Bihar
502303,Bo,Medak,Telangana
851212,Bo,Khagaria,Bihar
851215,Bo,Khagaria,Bihar
851216,Bo,Khagaria,Bihar
848203,Bo,Khagaria,Bihar
851206,Bo,Khagaria,Bihar
852129,Bo,Khagaria,Bihar
851131,Bo,Begusarai,Bihar
851117,Bo,Begusarai,Bihar
851217,Bo,Begusarai,Bihar
851132,Bo,Begusarai,Bihar
851218,Bo,Begusarai,Bihar
851133,Bo,Begusarai,Bihar
851134,Bo,Begusarai,Bihar
852219,Bo,Madhepura,Bihar
852128,Bo,Madhepura,Bihar
852132,Bo,Madhepura,Bihar
852130,Bo,Supaul,Bihar
852131,Bo,Supaul,Bihar
534222,Bo,West Godavari,Andhra Pradesh
534004,Bo,West Godavari,Andhra Pradesh
534425,Bo,West Godavari,Andhra Pradesh
534448,Bo,West Godavari,Andhra Pradesh
852126,Bo,Saharsa,Bihar
852127,Bo,Saharsa,Bihar
500090,Bo,Medchal Malkajgiri,Telangana
524405,Bo,Spsr Nellore,Andhra Pradesh
515741,Bo,Anantapur,Andhra Pradesh
532148,Bo,Srikakulam,Andhra Pradesh
852221,Bo,Saharsa,Bihar
532455,Bo,Srikakulam,Andhra Pradesh
532457,Bo,Srikakulam,Andhra Pradesh
518196,Bo,Kurnool,Andhra Pradesh
518543,Bo,Kurnool,Andhra Pradesh
518124,Bo,Kurnool,Andhra Pradesh
518523,Bo,Kurnool,Andhra Pradesh
518553,Bo,Kurnool,Andhra Pradesh
533007,Po,East Godavari,Andhra Pradesh
508245,Bo,Nalgonda,Telangana
508244,Bo,Nalgonda,Telangana
508373,Bo,Nalgonda,Telangana
508254,Bo,Nalgonda,Telangana
508266,Bo,Nalgonda,Telangana
508002,Bo,Nalgonda,Telangana
508256,Bo,Nalgonda,Telangana
503217,Bo,Nizamabad,Telangana
500075,Bo,Ranga Reddy,Telangana
500089,Bo,Ranga Reddy,Telangana
999999,Po,Nizamabad,Telangana
755025,Bo,Jajapur,Odisha
755004,Bo,Jajapur,Odisha
755005,Bo,Jajapur,Odisha
755062,Bo,Jajapur,Odisha
755026,Bo,Jajapur,Odisha
848506,Bo,Samastipur,Bihar
848216,Bo,Samastipur,Bihar
848113,Bo,Samastipur,Bihar
848207,Bo,Samastipur,Bihar
802163,Bo,Bhojpur,Bihar
755007,Bo,Jajapur,Odisha
755008,Bo,Jajapur,Odisha
755024,Bo,Jajapur,Odisha
755019,Bo,Jajapur,Odisha
755023,Bo,Jajapur,Odisha
753004,Bo,Cuttack,Odisha
754131,Bo,Cuttack,Odisha
754021,Bo,Cuttack,Odisha
754130,Bo,Cuttack,Odisha
755006,Bo,Bhadrak,Odisha
755009,Bo,Jajapur,Odisha
384440,Bo,Mahesana,Gujarat
506310,Bo,Warangal Urban,Telangana
506314,Bo,Warangal Rural,Telangana
506166,Bo,Warangal Urban,Telangana
504299,Bo,Kumuram Bheem Asifabad,Telangana
506317,Bo,Mahabubabad,Telangana
506008,Bo,Warangal Urban,Telangana
506163,Bo,Mahabubabad,Telangana
846004,Bo,Darbhanga,Bihar
385320,Bo,Banas Kantha,Gujarat
383030,Bo,Sabar Kantha,Gujarat
385505,Bo,Banas Kantha,Gujarat
385535,Bo,Banas Kantha,Gujarat
495220,Bo,Bilaspur,Chhattisgarh
506318,Bo,Mahabubabad,Telangana
506313,Bo,Warangal Rural,Telangana
508223,Bo,Yadadri Bhuvanagiri,Telangana
506316,Bo,Jangoan,Telangana
759101,Bo,Anugul,Odisha
506222,Bo,Jangoan,Telangana
506005,Bo,Warangal Urban,Telangana
506333,Bo,Warangal Rural,Telangana
509382,Bo,Mahabubnagar,Telangana
509407,Bo,Narayanpet,Telangana
509204,Bo,Mahabubnagar,Telangana
509205,Bo,Narayanpet,Telangana
509334,Bo,Mahabubnagar,Telangana
509350,Bo,Narayanpet,Telangana
509002,Bo,Mahabubnagar,Telangana
509353,Bo,Narayanpet,Telangana
509371,Bo,Narayanpet,Telangana
509339,Bo,Narayanpet,Telangana
509352,Bo,Narayanpet,Telangana
508214,Bo,Suryapet,Telangana
851202,Bo,Khagaria,Bihar
802160,Bo,Bhojpur,Bihar
802161,Bo,Bhojpur,Bihar
505503,Bo,Jayashankar Bhupalapally,Telangana
754035,Bo,Cuttack,Odisha
754201,Bo,Cuttack,Odisha
754030,Bo,Cuttack,Odisha
508206,Bo,Suryapet,Telangana
333010,Po,Jhunjhunu,Rajasthan
845307,Bo,Pashchim Champaran,Bihar
824219,Bo,Gaya,Bihar
824116,Bo,Gaya,Bihar
824217,Bo,Gaya,Bihar
824201,Bo,Gaya,Bihar
824111,Bo,Aurangabad,Bihar
768204,Po,Jharsuguda,Odisha
755010,Bo,Jajapur,Odisha
382315,Bo,Gandhinagar,Gujarat
851126,Bo,Begusarai,Bihar
852137,Bo,Supaul,Bihar
852138,Bo,Supaul,Bihar
852139,Bo,Supaul,Bihar
852220,Bo,Madhepura,Bihar
755028,Bo,Jajapur,Odisha
755022,Bo,Jajapur,Odisha
755011,Bo,Jajapur,Odisha
755012,Bo,Jajapur,Odisha
754246,Bo,Kendrapara,Odisha
754224,Bo,Kendrapara,Odisha
754213,Bo,Kendrapara,Odisha
754231,Bo,Kendrapara,Odisha
754227,Bo,Kendrapara,Odisha
754215,Bo,Kendrapara,Odisha
755061,Bo,Kendrapara,Odisha
752001,Po,Puri,Odisha
226001,Po,Lucknow,Uttar Pradesh
142049,Bo,Moga,Punjab
752004,Po,Puri,Odisha
813101,Bo,Banka,Bihar
841420,Bo,Gopalganj,Bihar
841423,Bo,Gopalganj,Bihar
382122,Bo,Gandhinagar,Gujarat
385421,Bo,Banas Kantha,Gujarat
144402,Bo,Kapurthala,Punjab
847201,Bo,Darbhanga,Bihar
847103,Bo,Darbhanga,Bihar
480997,Bo,Seoni,Madhya Pradesh
605403,Po,Villupuram,Tamil Nadu
202001,Po,Aligarh,Uttar Pradesh
226003,Po,Lucknow,Uttar Pradesh
754220,Bo,Kendrapara,Odisha
284001,Po,Jhansi,Uttar Pradesh
811301,Bo,Jamui,Bihar
811303,Bo,Jamui,Bihar
848114,Bo,Samastipur,Bihar
754225,Bo,Kendrapara,Odisha
754212,Bo,Kendrapara,Odisha
754250,Bo,Kendrapara,Odisha
845107,Bo,Pashchim Champaran,Bihar
841440,Bo,Gopalganj,Bihar
841416,Bo,Gopalganj,Bihar
845101,Bo,Pashchim Champaran,Bihar
845438,Bo,Pashchim Champaran,Bihar
804401,Bo,Arwal,Bihar
752119,Bo,Puri,Odisha
752107,Bo,Puri,Odisha
752106,Bo,Puri,Odisha
752104,Bo,Puri,Odisha
636705,Po,Dharmapuri,Tamil Nadu
804432,Bo,Jehanabad,Bihar
804405,Bo,Jehanabad,Bihar
754200,Bo,Cuttack,Odisha
841231,Bo,Siwan,Bihar
841227,Bo,Siwan,Bihar
841434,Bo,Siwan,Bihar
841435,Bo,Siwan,Bihar
841236,Bo,Siwan,Bihar
841238,Bo,Siwan,Bihar
841240,Bo,Siwan,Bihar
841239,Bo,Siwan,Bihar
841507,Bo,Siwan,Bihar
841439,Bo,Siwan,Bihar
841241,Bo,Siwan,Bihar
841504,Bo,Siwan,Bihar
841243,Bo,Siwan,Bihar
841226,Bo,Siwan,Bihar
841244,Bo,Siwan,Bihar
841506,Bo,Siwan,Bihar
847428,Bo,Darbhanga,Bihar
751002,Bo,Khordha,Odisha
824236,Bo,Gaya,Bihar
804435,Bo,Gaya,Bihar
804402,Bo,Arwal,Bihar
804419,Bo,Arwal,Bihar
804421,Bo,Arwal,Bihar
804423,Bo,Arwal,Bihar
804426,Bo,Arwal,Bihar
804428,Bo,Arwal,Bihar
804406,Bo,Jehanabad,Bihar
804417,Bo,Jehanabad,Bihar
804418,Bo,Jehanabad,Bihar
804420,Bo,Jehanabad,Bihar
852108,Bo,Supaul,Bihar
852109,Bo,Supaul,Bihar
852110,Bo,Supaul,Bihar
852115,Bo,Madhepura,Bihar
804422,Bo,Jehanabad,Bihar
804429,Bo,Jehanabad,Bihar
804424,Bo,Jehanabad,Bihar
804425,Bo,Jehanabad,Bihar
804427,Bo,Jehanabad,Bihar
494001,Bo,Bastar,Chhattisgarh
755044,Bo,Jajapur,Odisha
841245,Bo,Siwan,Bihar
753008,Bo,Cuttack,Odisha
755015,Bo,Jajapur,Odisha
383001,Bo,Sabar Kantha,Gujarat
841237,Bo,Siwan,Bihar
841502,Bo,Siwan,Bihar
384241,Bo,Patan,Gujarat
754114,Bo,Jagatsinghapur,Odisha
385340,Bo,Patan,Gujarat
384275,Bo,Patan,Gujarat
384245,Bo,Patan,Gujarat
384246,Bo,Patan,Gujarat
385350,Bo,Patan,Gujarat
841242,Bo,Siwan,Bihar
841287,Bo,Siwan,Bihar
755051,Bo,Jajapur,Odisha
754228,Bo,Kendrapara,Odisha
754245,Bo,Kendrapara,Odisha
384272,Bo,Patan,Gujarat
384151,Bo,Patan,Gujarat
385360,Bo,Patan,Gujarat
384285,Bo,Patan,Gujarat
755049,Bo,Jajapur,Odisha
393140,Bo,Narmada,Gujarat
393145,Bo,Narmada,Gujarat
841505,Bo,Gopalganj,Bihar
491888,Bo,Rajnandgaon,Chhattisgarh
754008,Bo,Cuttack,Odisha
754294,Bo,Jagatsinghapur,Odisha
841446,Bo,Siwan,Bihar
384221,Bo,Patan,Gujarat
384260,Bo,Mahesana,Gujarat
752111,Bo,Puri,Odisha
752114,Bo,Puri,Odisha
392165,Bo,Bharuch,Gujarat
392220,Bo,Bharuch,Gujarat
394115,Bo,Bharuch,Gujarat
393115,Bo,Bharuch,Gujarat
573103,Bo,Hassan,Karnataka
573162,Bo,Hassan,Karnataka
754010,Bo,Cuttack,Odisha
393030,Bo,Bharuch,Gujarat
811305,Bo,Jamui,Bihar
855101,Bo,Kishanganj,Bihar
394810,Bo,Bharuch,Gujarat
392150,Bo,Bharuch,Gujarat
577002,Bo,Davangere,Karnataka
577589,Bo,Davangere,Karnataka
577530,Bo,Davangere,Karnataka
577534,Bo,Davangere,Karnataka
577004,Bo,Davangere,Karnataka
493344,Bo,Baloda Bazar,Chhattisgarh
493449,Bo,Mahasamund,Chhattisgarh
493116,Bo,Raipur,Chhattisgarh
493332,Bo,Baloda Bazar,Chhattisgarh
493554,Bo,Mahasamund,Chhattisgarh
493118,Bo,Baloda Bazar,Chhattisgarh
493338,Bo,Baloda Bazar,Chhattisgarh
493221,Bo,Raipur,Chhattisgarh
851116,Bo,Begusarai,Bihar
573111,Bo,Hassan,Karnataka
573112,Bo,Hassan,Karnataka
491445,Bo,Rajnandgaon,Chhattisgarh
573115,Bo,Hassan,Karnataka
393110,Bo,Bharuch,Gujarat
392160,Bo,Bharuch,Gujarat
392170,Bo,Bharuch,Gujarat
392155,Bo,Bharuch,Gujarat
392012,Bo,Bharuch,Gujarat
393150,Bo,Narmada,Gujarat
393130,Bo,Narmada,Gujarat
392210,Bo,Bharuch,Gujarat
392015,Bo,Bharuch,Gujarat
387710,Bo,Anand,Gujarat
388430,Bo,Anand,Gujarat
388625,Bo,Anand,Gujarat
388150,Bo,Anand,Gujarat
388450,Bo,Anand,Gujarat
388460,Bo,Anand,Gujarat
388570,Bo,Anand,Gujarat
388170,Bo,Anand,Gujarat
387240,Bo,Anand,Gujarat
387550,Bo,Kheda,Gujarat
387365,Bo,Kheda,Gujarat
387380,Bo,Kheda,Gujarat
387115,Bo,Kheda,Gujarat
387330,Bo,Kheda,Gujarat
387650,Bo,Kheda,Gujarat
751017,Bo,Khordha,Odisha
387350,Bo,Kheda,Gujarat
387560,Bo,Kheda,Gujarat
387210,Bo,Anand,Gujarat
388610,Bo,Anand,Gujarat
388590,Bo,Anand,Gujarat
388550,Bo,Anand,Gujarat
388620,Bo,Anand,Gujarat
388440,Bo,Anand,Gujarat
388480,Bo,Anand,Gujarat
388180,Bo,Anand,Gujarat
493770,Bo,Dhamtari,Chhattisgarh
493996,Bo,Gariyaband,Chhattisgarh
392230,Bo,Bharuch,Gujarat
387310,Bo,Anand,Gujarat
493890,Bo,Gariyaband,Chhattisgarh
811211,Bo,Munger,Bihar
577007,Bo,Davangere,Karnataka
577003,Bo,Davangere,Karnataka
493335,Bo,Baloda Bazar,Chhattisgarh
493441,Bo,Raipur,Chhattisgarh
383235,Bo,Sabar Kantha,Gujarat
385135,Bo,Banas Kantha,Gujarat
385545,Bo,Banas Kantha,Gujarat
385550,Bo,Banas Kantha,Gujarat
493222,Bo,Baloda Bazar,Chhattisgarh
493196,Bo,Baloda Bazar,Chhattisgarh
493113,Bo,Baloda Bazar,Chhattisgarh
388140,Bo,Anand,Gujarat
388160,Bo,Anand,Gujarat
396440,Bo,Navsari,Gujarat
393151,Bo,Narmada,Gujarat
811308,Bo,Jamui,Bihar
811317,Bo,Jamui,Bihar
811312,Bo,Jamui,Bihar
385570,Bo,Banas Kantha,Gujarat
385555,Bo,Banas Kantha,Gujarat
385565,Bo,Banas Kantha,Gujarat
493773,Bo,Dhamtari,Chhattisgarh
493889,Bo,Gariyaband,Chhattisgarh
396427,Bo,Navsari,Gujarat
494661,Bo,Narayanpur,Chhattisgarh
312615,Bo,Pratapgarh,Rajasthan
126110,Bo,Jind,Haryana
126101,Bo,Jind,Haryana
126125,Bo,Jind,Haryana
126116,Bo,Jind,Haryana
494226,Bo,Kondagaon,Chhattisgarh
494229,Bo,Kondagaon,Chhattisgarh
494228,Bo,Kondagaon,Chhattisgarh
385540,Bo,Banas Kantha,Gujarat
385520,Bo,Banas Kantha,Gujarat
385001,Bo,Banas Kantha,Gujarat
385110,Bo,Banas Kantha,Gujarat
385530,Bo,Banas Kantha,Gujarat
385510,Bo,Banas Kantha,Gujarat
385210,Bo,Banas Kantha,Gujarat
385010,Bo,Banas Kantha,Gujarat
385120,Bo,Banas Kantha,Gujarat
380058,Bo,Ahmadabad,Gujarat
382210,Bo,Ahmadabad,Gujarat
382430,Bo,Ahmadabad,Gujarat
382433,Bo,Ahmadabad,Gujarat
382330,Bo,Ahmadabad,Gujarat
382425,Bo,Ahmadabad,Gujarat
382435,Bo,Ahmadabad,Gujarat
495683,Bo,Korba,Chhattisgarh
385330,Bo,Banas Kantha,Gujarat
495691,Bo,Janjgir-Champa,Chhattisgarh
495689,Bo,Janjgir-Champa,Chhattisgarh
495442,Bo,Bilaspur,Chhattisgarh
495330,Bo,Bilaspur,Chhattisgarh
495003,Bo,Bilaspur,Chhattisgarh
383010,Bo,Sabar Kantha,Gujarat
494670,Bo,Kanker,Chhattisgarh
494336,Bo,Kanker,Chhattisgarh
493891,Bo,Gariyaband,Chhattisgarh
393010,Bo,Bharuch,Gujarat
324005,Po,Kota,Rajasthan
325003,Po,Kota,Rajasthan
247001,Po,Saharanpur,Uttar Pradesh
324002,Po,Kota,Rajasthan
324003,Po,Kota,Rajasthan
494333,Bo,Kanker,Chhattisgarh
494776,Bo,Kanker,Chhattisgarh
491001,Bo,Durg,Chhattisgarh
388630,Bo,Anand,Gujarat
491335,Bo,Bemetara,Chhattisgarh
491332,Bo,Bemetara,Chhattisgarh
491331,Bo,Bemetara,Chhattisgarh
496001,Bo,Raigarh,Chhattisgarh
325209,Bo,Baran,Rajasthan
365555,Bo,Amreli,Gujarat
365601,Bo,Amreli,Gujarat
365610,Bo,Amreli,Gujarat
365421,Bo,Amreli,Gujarat
364522,Bo,Amreli,Gujarat
365440,Bo,Amreli,Gujarat
365630,Bo,Amreli,Gujarat
365410,Bo,Amreli,Gujarat
365435,Bo,Amreli,Gujarat
383450,Bo,Sabar Kantha,Gujarat
383434,Bo,Sabar Kantha,Gujarat
383460,Bo,Sabar Kantha,Gujarat
491221,Bo,Durg,Chhattisgarh
491225,Bo,Balod,Chhattisgarh
491226,Bo,Balod,Chhattisgarh
364130,Bo,Bhavnagar,Gujarat
364320,Bo,Bhavnagar,Gujarat
364505,Bo,Bhavnagar,Gujarat
360005,Po,Rajkot,Gujarat
363650,Bo,Morbi,Gujarat
360024,Bo,Rajkot,Gujarat
382424,Bo,Gandhinagar,Gujarat
495448,Bo,Korba,Chhattisgarh
495674,Bo,Korba,Chhattisgarh
363621,Bo,Morbi,Gujarat
364730,Bo,Botad,Gujarat
364740,Bo,Botad,Gujarat
364750,Bo,Botad,Gujarat
360311,Bo,Rajkot,Gujarat
364140,Bo,Bhavnagar,Gujarat
364260,Bo,Bhavnagar,Gujarat
364120,Bo,Bhavnagar,Gujarat
364145,Bo,Bhavnagar,Gujarat
364150,Bo,Bhavnagar,Gujarat
364330,Bo,Bhavnagar,Gujarat
490021,Bo,Durg,Chhattisgarh
490025,Bo,Durg,Chhattisgarh
491228,Bo,Balod,Chhattisgarh
491230,Bo,Balod,Chhattisgarh
491771,Bo,Balod,Chhattisgarh
364765,Bo,Botad,Gujarat
360060,Bo,Rajkot,Gujarat
360360,Bo,Rajkot,Gujarat
360370,Bo,Rajkot,Gujarat
360470,Bo,Rajkot,Gujarat
387220,Bo,Anand,Gujarat
387570,Bo,Kheda,Gujarat
387430,Bo,Kheda,Gujarat
382405,Bo,Ahmadabad,Gujarat
495557,Bo,Janjgir-Champa,Chhattisgarh
495687,Bo,Janjgir-Champa,Chhattisgarh
364310,Bo,Bhavnagar,Gujarat
364060,Bo,Bhavnagar,Gujarat
250001,Po,Meerut,Uttar Pradesh
121102,Bo,Palwal,Haryana
250110,Po,Meerut,Uttar Pradesh
464770,Bo,Raisen,Madhya Pradesh
495661,Bo,Janjgir-Champa,Chhattisgarh
491223,Bo,Durg,Chhattisgarh
493555,Bo,Mahasamund,Chhattisgarh
385130,Bo,Banas Kantha,Gujarat
495682,Bo,Korba,Chhattisgarh
382120,Bo,Ahmadabad,Gujarat
382460,Bo,Ahmadabad,Gujarat
382455,Bo,Ahmadabad,Gujarat
382115,Bo,Ahmadabad,Gujarat
382145,Bo,Ahmadabad,Gujarat
382265,Bo,Ahmadabad,Gujarat
382240,Bo,Ahmadabad,Gujarat
382230,Bo,Ahmadabad,Gujarat
491668,Bo,Rajnandgaon,Chhattisgarh
382427,Bo,Ahmadabad,Gujarat
491885,Bo,Rajnandgaon,Chhattisgarh
491558,Bo,Rajnandgaon,Chhattisgarh
491557,Bo,Rajnandgaon,Chhattisgarh
491661,Bo,Rajnandgaon,Chhattisgarh
585102,Bo,Kalaburagi,Karnataka
585212,Bo,Kalaburagi,Karnataka
585265,Bo,Kalaburagi,Karnataka
585310,Bo,Kalaburagi,Karnataka
573116,Bo,Hassan,Karnataka
753014,Bo,Cuttack,Odisha
585311,Bo,Kalaburagi,Karnataka
585312,Bo,Kalaburagi,Karnataka
585313,Bo,Kalaburagi,Karnataka
585314,Bo,Kalaburagi,Karnataka
221007,Po,Varanasi,Uttar Pradesh
600100,Po,Chengalpattu,Tamil Nadu
363330,Bo,Morbi,Gujarat
244001,Po,Moradabad,Uttar Pradesh
363745,Bo,Surendranagar,Gujarat
363520,Bo,Surendranagar,Gujarat
387345,Bo,Kheda,Gujarat
387355,Bo,Kheda,Gujarat
387360,Bo,Kheda,Gujarat
387002,Bo,Kheda,Gujarat
387230,Bo,Kheda,Gujarat
363410,Bo,Surendranagar,Gujarat
363750,Bo,Surendranagar,Gujarat
363115,Bo,Surendranagar,Gujarat
363310,Bo,Surendranagar,Gujarat
363780,Bo,Surendranagar,Gujarat
493195,Bo,Baloda Bazar,Chhattisgarh
574313,Bo,Dakshina Kannada,Karnataka
491227,Bo,Balod,Chhattisgarh
243001,Po,Bareilly,Uttar Pradesh
362263,Bo,Junagadh,Gujarat
251001,Po,Muzaffarnagar,Uttar Pradesh
362140,Bo,Gir Somnath,Gujarat
365620,Bo,Amreli,Gujarat
365220,Bo,Amreli,Gujarat
313011,Bo,Udaipur,Rajasthan
313003,Bo,Udaipur,Rajasthan
365540,Bo,Amreli,Gujarat
365550,Bo,Amreli,Gujarat
365640,Bo,Amreli,Gujarat
363040,Bo,Surendranagar,Gujarat
360576,Bo,Porbandar,Gujarat
362625,Bo,Junagadh,Gujarat
362225,Bo,Junagadh,Gujarat
574219,Bo,Dakshina Kannada,Karnataka
574221,Bo,Dakshina Kannada,Karnataka
574222,Bo,Dakshina Kannada,Karnataka
574326,Bo,Dakshina Kannada,Karnataka
363423,Bo,Surendranagar,Gujarat
363020,Bo,Surendranagar,Gujarat
363760,Bo,Surendranagar,Gujarat
363775,Bo,Surendranagar,Gujarat
491336,Bo,Kabirdham,Chhattisgarh
495555,Bo,Bilaspur,Chhattisgarh
495006,Bo,Bilaspur,Chhattisgarh
360030,Bo,Rajkot,Gujarat
495686,Bo,Janjgir-Champa,Chhattisgarh
385560,Bo,Banas Kantha,Gujarat
385410,Bo,Banas Kantha,Gujarat
385575,Bo,Banas Kantha,Gujarat
495695,Bo,Janjgir-Champa,Chhattisgarh
495660,Bo,Janjgir-Champa,Chhattisgarh
495671,Bo,Janjgir-Champa,Chhattisgarh
574217,Bo,Dakshina Kannada,Karnataka
574218,Bo,Dakshina Kannada,Karnataka
574328,Bo,Dakshina Kannada,Karnataka
574198,Bo,Dakshina Kannada,Karnataka
585325,Bo,Kalaburagi,Karnataka
585316,Bo,Kalaburagi,Karnataka
585236,Bo,Kalaburagi,Karnataka
585217,Bo,Kalaburagi,Karnataka
494446,Bo,Bijapur,Chhattisgarh
382245,Bo,Botad,Gujarat
494444,Bo,Bijapur,Chhattisgarh
382465,Bo,Ahmadabad,Gujarat
495556,Bo,Janjgir-Champa,Chhattisgarh
495115,Bo,Bilaspur,Chhattisgarh
495551,Bo,Bilaspur,Chhattisgarh
571215,Bo,Kodagu,Karnataka
571216,Bo,Kodagu,Karnataka
571235,Bo,Kodagu,Karnataka
754005,Bo,Khordha,Odisha
382130,Bo,Ahmadabad,Gujarat
382250,Bo,Ahmadabad,Gujarat
495334,Bo,Mungeli,Chhattisgarh
382140,Bo,Ahmadabad,Gujarat
382110,Bo,Ahmadabad,Gujarat
382150,Bo,Ahmadabad,Gujarat
382170,Bo,Ahmadabad,Gujarat
495445,Bo,Korba,Chhattisgarh
495118,Bo,Gaurella Pendra Marwahi,Chhattisgarh
382449,Bo,Ahmadabad,Gujarat
495335,Bo,Mungeli,Chhattisgarh
382470,Bo,Ahmadabad,Gujarat
380060,Bo,Ahmadabad,Gujarat
382225,Bo,Ahmadabad,Gujarat
382220,Bo,Ahmadabad,Gujarat
382463,Bo,Ahmadabad,Gujarat
382255,Bo,Botad,Gujarat
574223,Bo,Dakshina Kannada,Karnataka
577228,Bo,Chikkamagaluru,Karnataka
577515,Bo,Chitradurga,Karnataka
577597,Bo,Chitradurga,Karnataka
577519,Bo,Chitradurga,Karnataka
577541,Bo,Chitradurga,Karnataka
577542,Bo,Chitradurga,Karnataka
577502,Bo,Chitradurga,Karnataka
495009,Bo,Bilaspur,Chhattisgarh
577517,Bo,Chitradurga,Karnataka
577545,Bo,Chitradurga,Karnataka
497101,Bo,Surguja,Chhattisgarh
571214,Bo,Kodagu,Karnataka
495684,Bo,Korba,Chhattisgarh
495447,Bo,Korba,Chhattisgarh
577556,Bo,Davangere,Karnataka
577512,Bo,Davangere,Karnataka
577513,Bo,Davangere,Karnataka
577514,Bo,Davangere,Karnataka
577553,Bo,Davangere,Karnataka
577566,Bo,Davangere,Karnataka
577601,Bo,Davangere,Karnataka
577528,Bo,Davangere,Karnataka
577516,Bo,Davangere,Karnataka
577511,Bo,Chitradurga,Karnataka
577558,Bo,Chitradurga,Karnataka
577543,Bo,Chitradurga,Karnataka
497231,Bo,Surajpur,Chhattisgarh
497235,Bo,Surajpur,Chhattisgarh
577596,Bo,Chitradurga,Karnataka
494334,Bo,Kanker,Chhattisgarh
494665,Bo,Kanker,Chhattisgarh
494777,Bo,Kanker,Chhattisgarh
494669,Bo,Kanker,Chhattisgarh
493448,Bo,Kanker,Chhattisgarh
574220,Bo,Dakshina Kannada,Karnataka
574224,Bo,Dakshina Kannada,Karnataka
577525,Bo,Davangere,Karnataka
495449,Bo,Korba,Chhattisgarh
495554,Bo,Janjgir-Champa,Chhattisgarh
495117,Bo,Gaurella Pendra Marwahi,Chhattisgarh
574279,Bo,Dakshina Kannada,Karnataka
577005,Bo,Davangere,Karnataka
577006,Bo,Davangere,Karnataka
134205,Bo,Panchkula,Haryana
495119,Bo,Gaurella Pendra Marwahi,Chhattisgarh
134203,Bo,Ambala,Haryana
134201,Bo,Ambala,Haryana
495553,Bo,Janjgir-Champa,Chhattisgarh
494337,Bo,Kanker,Chhattisgarh
494771,Bo,Kanker,Chhattisgarh
494447,Bo,Bijapur,Chhattisgarh
494450,Bo,Bijapur,Chhattisgarh
133302,Bo,Panchkula,Haryana
494553,Bo,Dantewada,Chhattisgarh
494222,Bo,Bastar,Chhattisgarh
494223,Bo,Bastar,Chhattisgarh
494224,Bo,Bastar,Chhattisgarh
491995,Bo,Kabirdham,Chhattisgarh
123411,Bo,Rewari,Haryana
123301,Bo,Rewari,Haryana
123103,Bo,Rewari,Haryana
123106,Bo,Rewari,Haryana
123302,Bo,Rewari,Haryana
123101,Bo,Rewari,Haryana
491222,Bo,Balod,Chhattisgarh
494331,Bo,Kondagaon,Chhattisgarh
493661,Bo,Raipur,Chhattisgarh
493225,Bo,Raipur,Chhattisgarh
493526,Bo,Baloda Bazar,Chhattisgarh
493445,Bo,Mahasamund,Chhattisgarh
493111,Bo,Raipur,Chhattisgarh
492101,Bo,Raipur,Chhattisgarh
493114,Bo,Raipur,Chhattisgarh
493228,Bo,Baloda Bazar,Chhattisgarh
493551,Bo,Mahasamund,Chhattisgarh
123412,Bo,Rewari,Haryana
492015,Bo,Raipur,Chhattisgarh
123027,Bo,Mahendragarh,Haryana
495446,Bo,Korba,Chhattisgarh
495450,Bo,Korba,Chhattisgarh
495454,Bo,Korba,Chhattisgarh
493331,Bo,Baloda Bazar,Chhattisgarh
571101,Bo,Mysuru,Karnataka
493663,Bo,Dhamtari,Chhattisgarh
493662,Bo,Dhamtari,Chhattisgarh
493888,Bo,Gariyaband,Chhattisgarh
493778,Bo,Dhamtari,Chhattisgarh
492109,Bo,Dhamtari,Chhattisgarh
493992,Bo,Gariyaband,Chhattisgarh
493885,Bo,Dhamtari,Chhattisgarh
591115,Bo,Belagavi,Karnataka
591153,Bo,Belagavi,Karnataka
591119,Bo,Belagavi,Karnataka
491444,Bo,Rajnandgaon,Chhattisgarh
491881,Bo,Rajnandgaon,Chhattisgarh
495692,Bo,Janjgir-Champa,Chhattisgarh
495688,Bo,Janjgir-Champa,Chhattisgarh
495690,Bo,Janjgir-Champa,Chhattisgarh
571440,Bo,Chamarajanagara,Karnataka
491229,Bo,Rajnandgaon,Chhattisgarh
491666,Bo,Rajnandgaon,Chhattisgarh
570008,Bo,Mysuru,Karnataka
570019,Bo,Mysuru,Karnataka
571102,Bo,Mysuru,Karnataka
491559,Bo,Kabirdham,Chhattisgarh
497001,Bo,Surajpur,Chhattisgarh
497335,Bo,Korea,Chhattisgarh
497119,Bo,Balrampur,Chhattisgarh
571103,Bo,Mysuru,Karnataka
570026,Bo,Mysuru,Karnataka
571617,Bo,Mysuru,Karnataka
571610,Bo,Mysuru,Karnataka
571125,Bo,Mysuru,Karnataka
571601,Bo,Mysuru,Karnataka
570003,Bo,Mysuru,Karnataka
570018,Bo,Mysuru,Karnataka
571104,Bo,Mysuru,Karnataka
571114,Bo,Mysuru,Karnataka
571105,Bo,Mysuru,Karnataka
571116,Bo,Mysuru,Karnataka
571311,Bo,Mysuru,Karnataka
571187,Bo,Mysuru,Karnataka
571134,Bo,Mysuru,Karnataka
571602,Bo,Mysuru,Karnataka
571108,Bo,Mysuru,Karnataka
571604,Bo,Mysuru,Karnataka
571121,Bo,Mysuru,Karnataka
562120,Bo,Ramanagara,Karnataka
562159,Bo,Ramanagara,Karnataka
562126,Bo,Ramanagara,Karnataka
562127,Bo,Ramanagara,Karnataka
562128,Bo,Ramanagara,Karnataka
562131,Bo,Ramanagara,Karnataka
562162,Bo,Bengaluru Urban,Karnataka
561205,Bo,Bengaluru Rural,Karnataka
562122,Bo,Bengaluru Rural,Karnataka
562123,Bo,Bengaluru Rural,Karnataka
562130,Bo,Bengaluru Rural,Karnataka
124412,Bo,Rohtak,Haryana
562121,Bo,Ramanagara,Karnataka
571130,Bo,Mysuru,Karnataka
124113,Bo,Rohtak,Haryana
124112,Bo,Rohtak,Haryana
124022,Bo,Rohtak,Haryana
124010,Bo,Rohtak,Haryana
124303,Bo,Rohtak,Haryana
562125,Bo,Bengaluru Urban,Karnataka
562129,Bo,Bengaluru Rural,Karnataka
124514,Bo,Rohtak,Haryana
124111,Bo,Rohtak,Haryana
494449,Bo,Dantewada,Chhattisgarh
591118,Bo,Belagavi,Karnataka
125047,Bo,Hisar,Haryana
125007,Bo,Hisar,Haryana
125121,Bo,Hisar,Haryana
125042,Bo,Hisar,Haryana
123102,Bo,Rewari,Haryana
123303,Bo,Rewari,Haryana
123035,Bo,Rewari,Haryana
123401,Bo,Rewari,Haryana
131001,Bo,Sonipat,Haryana
131021,Bo,Sonipat,Haryana
494122,Bo,Sukma,Chhattisgarh
494441,Bo,Dantewada,Chhattisgarh
494556,Bo,Dantewada,Chhattisgarh
494114,Bo,Sukma,Chhattisgarh
571603,Bo,Mysuru,Karnataka
571107,Bo,Mysuru,Karnataka
571189,Bo,Mysuru,Karnataka
571106,Bo,Mysuru,Karnataka
124406,Bo,Rohtak,Haryana
124102,Bo,Jhajjar,Haryana
124103,Bo,Jhajjar,Haryana
124106,Bo,Jhajjar,Haryana
124104,Bo,Jhajjar,Haryana
124146,Bo,Jhajjar,Haryana
124108,Bo,Jhajjar,Haryana
123021,Bo,Mahendragarh,Haryana
123029,Bo,Mahendragarh,Haryana
123023,Bo,Mahendragarh,Haryana
123024,Bo,Mahendragarh,Haryana
131304,Bo,Sonipat,Haryana
125011,Bo,Hisar,Haryana
496223,Bo,Jashpur,Chhattisgarh
497449,Bo,Korea,Chhattisgarh
497339,Bo,Korea,Chhattisgarh
497778,Bo,Korea,Chhattisgarh
497559,Bo,Korea,Chhattisgarh
497224,Bo,Balrampur,Chhattisgarh
497442,Bo,Korea,Chhattisgarh
497223,Bo,Surajpur,Chhattisgarh
497118,Bo,Balrampur,Chhattisgarh
497220,Bo,Balrampur,Chhattisgarh
497333,Bo,Surajpur,Chhattisgarh
497225,Bo,Balrampur,Chhattisgarh
497447,Bo,Korea,Chhattisgarh
497117,Bo,Surajpur,Chhattisgarh
497226,Bo,Surajpur,Chhattisgarh
497331,Bo,Korea,Chhattisgarh
123028,Bo,Mahendragarh,Haryana
492112,Bo,Mahasamund,Chhattisgarh
496225,Bo,Jashpur,Chhattisgarh
496113,Bo,Jashpur,Chhattisgarh
496220,Bo,Jashpur,Chhattisgarh
497229,Bo,Surajpur,Chhattisgarh
496661,Bo,Raigarh,Chhattisgarh
496100,Bo,Raigarh,Chhattisgarh
497116,Bo,Surguja,Chhattisgarh
496118,Bo,Raigarh,Chhattisgarh
496440,Bo,Raigarh,Chhattisgarh
496115,Bo,Raigarh,Chhattisgarh
496445,Bo,Raigarh,Chhattisgarh
496554,Bo,Raigarh,Chhattisgarh
496107,Bo,Raigarh,Chhattisgarh
136034,Bo,Kaithal,Haryana
136042,Bo,Kaithal,Haryana
136027,Bo,Kaithal,Haryana
126113,Bo,Jind,Haryana
126112,Bo,Jind,Haryana
136156,Bo,Kurukshetra,Haryana
136030,Bo,Kurukshetra,Haryana
136129,Bo,Kurukshetra,Haryana
136130,Bo,Kurukshetra,Haryana
591110,Bo,Belagavi,Karnataka
591173,Bo,Belagavi,Karnataka
591114,Bo,Belagavi,Karnataka
591117,Bo,Belagavi,Karnataka
591130,Bo,Belagavi,Karnataka
591126,Bo,Belagavi,Karnataka
591127,Bo,Belagavi,Karnataka
585322,Bo,Kalaburagi,Karnataka
582111,Bo,Gadag,Karnataka
582112,Bo,Gadag,Karnataka
582113,Bo,Gadag,Karnataka
136020,Bo,Kaithal,Haryana
136035,Bo,Kaithal,Haryana
126114,Bo,Jind,Haryana
126115,Bo,Jind,Haryana
126152,Bo,Jind,Haryana
583102,Bo,Ballari,Karnataka
125048,Bo,Fatehabad,Haryana
561201,Bo,Ramanagara,Karnataka
562164,Bo,Bengaluru Rural,Karnataka
132039,Bo,Karnal,Haryana
132054,Bo,Karnal,Haryana
132114,Bo,Karnal,Haryana
132036,Bo,Karnal,Haryana
132037,Bo,Karnal,Haryana
132157,Bo,Karnal,Haryana
132024,Bo,Karnal,Haryana
132023,Bo,Karnal,Haryana
125051,Bo,Fatehabad,Haryana
125120,Bo,Fatehabad,Haryana
125044,Bo,Hisar,Haryana
125113,Bo,Hisar,Haryana
125055,Bo,Sirsa,Haryana
125078,Bo,Sirsa,Haryana
132046,Bo,Karnal,Haryana
132116,Bo,Karnal,Haryana
132122,Bo,Panipat,Haryana
132107,Bo,Panipat,Haryana
132113,Bo,Panipat,Haryana
132104,Bo,Panipat,Haryana
132140,Bo,Panipat,Haryana
132105,Bo,Panipat,Haryana
132102,Bo,Panipat,Haryana
132101,Bo,Panipat,Haryana
132040,Bo,Karnal,Haryana
132041,Bo,Karnal,Haryana
132001,Bo,Karnal,Haryana
132022,Bo,Karnal,Haryana
132117,Bo,Karnal,Haryana
132108,Bo,Panipat,Haryana
132106,Bo,Panipat,Haryana
580011,Bo,Dharwad,Karnataka
580007,Bo,Dharwad,Karnataka
580114,Bo,Dharwad,Karnataka
581105,Bo,Dharwad,Karnataka
581204,Bo,Dharwad,Karnataka
562163,Bo,Bengaluru Rural,Karnataka
582102,Bo,Gadag,Karnataka
132145,Bo,Panipat,Haryana
442905,Bo,Chandrapur,Maharashtra
580112,Bo,Dharwad,Karnataka
582201,Bo,Dharwad,Karnataka
585326,Bo,Bidar,Karnataka
585328,Bo,Bidar,Karnataka
585411,Bo,Bidar,Karnataka
585402,Bo,Bidar,Karnataka
585403,Bo,Bidar,Karnataka
585412,Bo,Bidar,Karnataka
585413,Bo,Bidar,Karnataka
582103,Bo,Gadag,Karnataka
582203,Bo,Gadag,Karnataka
582205,Bo,Gadag,Karnataka
582115,Bo,Gadag,Karnataka
582114,Bo,Gadag,Karnataka
582204,Bo,Gadag,Karnataka
587201,Bo,Bagalkote,Karnataka
587111,Bo,Bagalkote,Karnataka
587103,Bo,Bagalkote,Karnataka
580023,Bo,Dharwad,Karnataka
581195,Bo,Dharwad,Karnataka
581113,Bo,Dharwad,Karnataka
582208,Bo,Dharwad,Karnataka
580024,Bo,Dharwad,Karnataka
581117,Bo,Dharwad,Karnataka
122102,Bo,Gurugram,Haryana
122506,Bo,Gurugram,Haryana
122505,Bo,Gurugram,Haryana
583137,Bo,Ballari,Karnataka
583224,Bo,Ballari,Karnataka
587115,Bo,Bagalkote,Karnataka
587202,Bo,Bagalkote,Karnataka
585329,Bo,Bidar,Karnataka
585416,Bo,Bidar,Karnataka
585211,Bo,Kalaburagi,Karnataka
573210,Bo,Hassan,Karnataka
585214,Bo,Kalaburagi,Karnataka
585317,Bo,Kalaburagi,Karnataka
585318,Bo,Kalaburagi,Karnataka
585309,Bo,Yadgir,Karnataka
585218,Bo,Kalaburagi,Karnataka
585327,Bo,Bidar,Karnataka
585215,Bo,Yadgir,Karnataka
585216,Bo,Yadgir,Karnataka
585224,Bo,Yadgir,Karnataka
585290,Bo,Yadgir,Karnataka
585319,Bo,Yadgir,Karnataka
585418,Bo,Bidar,Karnataka
585414,Bo,Bidar,Karnataka
585415,Bo,Bidar,Karnataka
587203,Bo,Bagalkote,Karnataka
587112,Bo,Bagalkote,Karnataka
591129,Bo,Belagavi,Karnataka
573217,Bo,Hassan,Karnataka
573128,Bo,Hassan,Karnataka
573129,Bo,Hassan,Karnataka
573130,Bo,Hassan,Karnataka
573212,Bo,Hassan,Karnataka
573218,Bo,Hassan,Karnataka
573133,Bo,Hassan,Karnataka
573136,Bo,Hassan,Karnataka
585210,Bo,Kalaburagi,Karnataka
581206,Bo,Dharwad,Karnataka
581107,Bo,Dharwad,Karnataka
581209,Bo,Dharwad,Karnataka
580028,Bo,Dharwad,Karnataka
756060,Bo,Baleshwar,Odisha
756045,Bo,Baleshwar,Odisha
413603,Bo,Osmanabad,Maharashtra
413504,Bo,Osmanabad,Maharashtra
413604,Bo,Osmanabad,Maharashtra
415014,Bo,Satara,Maharashtra
125101,Bo,Sirsa,Haryana
125110,Bo,Sirsa,Haryana
125049,Bo,Hisar,Haryana
454010,Bo,Dhar,Madhya Pradesh
752038,Bo,Khordha,Odisha
752021,Bo,Khordha,Odisha
752023,Bo,Khordha,Odisha
122107,Bo,Nuh,Haryana
122508,Bo,Nuh,Haryana
122105,Bo,Nuh,Haryana
305005,Bo,Ajmer,Rajasthan
305003,Bo,Ajmer,Rajasthan
305021,Bo,Ajmer,Rajasthan
305022,Bo,Ajmer,Rajasthan
144702,Bo,Jalandhar,Punjab
144044,Bo,Jalandhar,Punjab
144036,Bo,Jalandhar,Punjab
122502,Bo,Rewari,Haryana
122504,Bo,Gurugram,Haryana
144632,Bo,Jalandhar,Punjab
144037,Bo,Jalandhar,Punjab
144043,Bo,Jalandhar,Punjab
144626,Bo,Kapurthala,Punjab
756047,Bo,Baleshwar,Odisha
756030,Bo,Baleshwar,Odisha
756026,Bo,Baleshwar,Odisha
756038,Bo,Baleshwar,Odisha
756079,Bo,Baleshwar,Odisha
756036,Bo,Baleshwar,Odisha
144603,Bo,Kapurthala,Punjab
144622,Bo,Kapurthala,Punjab
144407,Bo,Kapurthala,Punjab
144405,Bo,Kapurthala,Punjab
144411,Bo,Kapurthala,Punjab
441225,Bo,Chandrapur,Maharashtra
442906,Bo,Chandrapur,Maharashtra
442503,Bo,Chandrapur,Maharashtra
441222,Bo,Chandrapur,Maharashtra
442504,Bo,Gadchiroli,Maharashtra
441221,Bo,Chandrapur,Maharashtra
122004,Bo,Gurugram,Haryana
122017,Bo,Gurugram,Haryana
752063,Bo,Nayagarh,Odisha
415109,Bo,Satara,Maharashtra
415506,Bo,Satara,Maharashtra
415124,Bo,Satara,Maharashtra
415115,Bo,Satara,Maharashtra
415020,Bo,Satara,Maharashtra
413524,Bo,Latur,Maharashtra
413521,Bo,Latur,Maharashtra
413527,Bo,Latur,Maharashtra
412804,Bo,Satara,Maharashtra
415504,Bo,Satara,Maharashtra
412802,Bo,Satara,Maharashtra
415021,Bo,Satara,Maharashtra
415501,Bo,Satara,Maharashtra
415514,Bo,Satara,Maharashtra
415114,Bo,Satara,Maharashtra
125054,Bo,Sirsa,Haryana
766111,Bo,Nuapada,Odisha
415537,Bo,Satara,Maharashtra
415518,Bo,Satara,Maharashtra
415503,Bo,Satara,Maharashtra
766002,Bo,Kalahandi,Odisha
766020,Bo,Kalahandi,Odisha
761016,Bo,Gajapati,Odisha
761213,Bo,Gajapati,Odisha
761201,Bo,Gajapati,Odisha
122503,Bo,Gurugram,Haryana
122103,Bo,Gurugram,Haryana
123001,Bo,Mahendragarh,Haryana
125004,Bo,Hisar,Haryana
125033,Bo,Hisar,Haryana
125052,Bo,Hisar,Haryana
125005,Bo,Hisar,Haryana
144042,Bo,Jalandhar,Punjab
144625,Bo,Jalandhar,Punjab
144311,Bo,Jalandhar,Punjab
144033,Bo,Jalandhar,Punjab
415505,Bo,Satara,Maharashtra
415530,Bo,Satara,Maharashtra
413544,Bo,Latur,Maharashtra
413531,Bo,Latur,Maharashtra
125037,Bo,Hisar,Haryana
125039,Bo,Hisar,Haryana
125111,Bo,Fatehabad,Haryana
123501,Bo,Rewari,Haryana
305205,Bo,Ajmer,Rajasthan
305004,Bo,Ajmer,Rajasthan
305206,Bo,Ajmer,Rajasthan
122104,Bo,Nuh,Haryana
122108,Bo,Nuh,Haryana
305023,Bo,Ajmer,Rajasthan
454335,Bo,Dhar,Madhya Pradesh
454116,Bo,Dhar,Madhya Pradesh
454111,Bo,Dhar,Madhya Pradesh
766032,Bo,Kalahandi,Odisha
766028,Bo,Kalahandi,Odisha
305002,Bo,Ajmer,Rajasthan
441217,Bo,Gadchiroli,Maharashtra
442916,Bo,Chandrapur,Maharashtra
442907,Bo,Chandrapur,Maharashtra
442918,Bo,Gadchiroli,Maharashtra
413517,Bo,Latur,Maharashtra
413530,Bo,Latur,Maharashtra
431522,Bo,Latur,Maharashtra
413514,Bo,Latur,Maharashtra
413582,Bo,Osmanabad,Maharashtra
413506,Bo,Osmanabad,Maharashtra
125106,Bo,Fatehabad,Haryana
305024,Bo,Ajmer,Rajasthan
342602,Bo,Jodhpur,Rajasthan
342312,Bo,Jodhpur,Rajasthan
342314,Bo,Jodhpur,Rajasthan
342308,Bo,Jodhpur,Rajasthan
342604,Bo,Jodhpur,Rajasthan
444101,Bo,Akola,Maharashtra
441204,Bo,Nagpur,Maharashtra
441108,Bo,Nagpur,Maharashtra
441401,Bo,Nagpur,Maharashtra
342801,Bo,Jodhpur,Rajasthan
342029,Bo,Jodhpur,Rajasthan
342037,Bo,Jodhpur,Rajasthan
342302,Bo,Jodhpur,Rajasthan
342802,Bo,Jodhpur,Rajasthan
342305,Bo,Jodhpur,Rajasthan
342303,Bo,Jodhpur,Rajasthan
121106,Bo,Palwal,Haryana
121105,Bo,Palwal,Haryana
144035,Bo,Jalandhar,Punjab
144032,Bo,Jalandhar,Punjab
144633,Bo,Jalandhar,Punjab
333704,Bo,Jhunjhunu,Rajasthan
333705,Bo,Jhunjhunu,Rajasthan
125050,Bo,Fatehabad,Haryana
415527,Bo,Satara,Maharashtra
413518,Bo,Latur,Maharashtra
413529,Bo,Latur,Maharashtra
761211,Bo,Gajapati,Odisha
333053,Bo,Jhunjhunu,Rajasthan
331026,Bo,Jhunjhunu,Rajasthan
333307,Bo,Jhunjhunu,Rajasthan
121101,Bo,Faridabad,Haryana
122101,Bo,Gurugram,Haryana
122413,Bo,Gurugram,Haryana
122003,Bo,Gurugram,Haryana
122414,Bo,Gurugram,Haryana
305012,Bo,Ajmer,Rajasthan
752030,Bo,Khordha,Odisha
144620,Bo,Kapurthala,Punjab
144606,Bo,Kapurthala,Punjab
144628,Bo,Kapurthala,Punjab
125053,Bo,Fatehabad,Haryana
125006,Bo,Hisar,Haryana
125038,Bo,Hisar,Haryana
125133,Bo,Fatehabad,Haryana
144403,Bo,Kapurthala,Punjab
144034,Bo,Jalandhar,Punjab
333042,Bo,Jhunjhunu,Rajasthan
333041,Bo,Jhunjhunu,Rajasthan
333308,Bo,Jhunjhunu,Rajasthan
333801,Bo,Jhunjhunu,Rajasthan
442919,Bo,Gadchiroli,Maharashtra
451001,Bo,Khargone,Madhya Pradesh
415019,Bo,Satara,Maharashtra
125112,Bo,Fatehabad,Haryana
425416,Bo,Nandurbar,Maharashtra
425419,Bo,Nandurbar,Maharashtra
425444,Bo,Nandurbar,Maharashtra
425432,Bo,Nandurbar,Maharashtra
425452,Bo,Nandurbar,Maharashtra
425412,Bo,Nandurbar,Maharashtra
131409,Bo,Sonipat,Haryana
131302,Bo,Sonipat,Haryana
131039,Bo,Sonipat,Haryana
131408,Bo,Sonipat,Haryana
131101,Bo,Sonipat,Haryana
131301,Bo,Sonipat,Haryana
131028,Bo,Sonipat,Haryana
131024,Bo,Sonipat,Haryana
122006,Bo,Gurugram,Haryana
123034,Bo,Mahendragarh,Haryana
131022,Bo,Sonipat,Haryana
131023,Bo,Sonipat,Haryana
125102,Bo,Sirsa,Haryana
125103,Bo,Sirsa,Haryana
125201,Bo,Sirsa,Haryana
134008,Bo,Ambala,Haryana
134007,Bo,Ambala,Haryana
345001,Bo,Jaisalmer,Rajasthan
756002,Bo,Baleshwar,Odisha
756085,Bo,Baleshwar,Odisha
756022,Bo,Baleshwar,Odisha
454774,Bo,Dhar,Madhya Pradesh
345027,Bo,Jaisalmer,Rajasthan
136117,Bo,Kaithal,Haryana
134118,Bo,Panchkula,Haryana
752082,Bo,Nayagarh,Odisha
752089,Bo,Nayagarh,Odisha
752024,Bo,Nayagarh,Odisha
752084,Bo,Nayagarh,Odisha
126102,Bo,Jind,Haryana
756028,Bo,Mayurbhanj,Odisha
125104,Bo,Sirsa,Haryana
125077,Bo,Sirsa,Haryana
125076,Bo,Sirsa,Haryana
125060,Bo,Sirsa,Haryana
125075,Bo,Sirsa,Haryana
125058,Bo,Sirsa,Haryana
425418,Bo,Nandurbar,Maharashtra
413510,Bo,Osmanabad,Maharashtra
424302,Bo,Dhule,Maharashtra
424311,Bo,Dhule,Maharashtra
425404,Bo,Dhule,Maharashtra
424318,Bo,Dhule,Maharashtra
424303,Bo,Dhule,Maharashtra
424305,Bo,Dhule,Maharashtra
143102,Bo,Amritsar,Punjab
151103,Bo,Bathinda,Punjab
151108,Bo,Bathinda,Punjab
151401,Bo,Bathinda,Punjab
424119,Bo,Jalgaon,Maharashtra
425002,Bo,Jalgaon,Maharashtra
425402,Bo,Jalgaon,Maharashtra
425116,Bo,Jalgaon,Maharashtra
425115,Bo,Jalgaon,Maharashtra
425103,Bo,Jalgaon,Maharashtra
425104,Bo,Jalgaon,Maharashtra
345034,Bo,Jaisalmer,Rajasthan
345031,Bo,Jaisalmer,Rajasthan
345033,Bo,Jaisalmer,Rajasthan
756044,Bo,Baleshwar,Odisha
756027,Bo,Baleshwar,Odisha
756048,Bo,Baleshwar,Odisha
756043,Bo,Baleshwar,Odisha
756059,Bo,Baleshwar,Odisha
413523,Bo,Latur,Maharashtra
445302,Bo,Yavatmal,Maharashtra
445306,Bo,Yavatmal,Maharashtra
445305,Bo,Yavatmal,Maharashtra
445204,Bo,Yavatmal,Maharashtra
445402,Bo,Yavatmal,Maharashtra
445307,Bo,Yavatmal,Maharashtra
445215,Bo,Yavatmal,Maharashtra
756056,Bo,Baleshwar,Odisha
756020,Bo,Baleshwar,Odisha
756003,Bo,Baleshwar,Odisha
756049,Bo,Baleshwar,Odisha
756058,Bo,Baleshwar,Odisha
756040,Bo,Baleshwar,Odisha
756021,Bo,Baleshwar,Odisha
756019,Bo,Baleshwar,Odisha
756041,Bo,Baleshwar,Odisha
756025,Bo,Baleshwar,Odisha
345024,Bo,Jaisalmer,Rajasthan
482001,Bo,Jabalpur,Madhya Pradesh
482004,Bo,Jabalpur,Madhya Pradesh
345028,Bo,Jaisalmer,Rajasthan
148025,Bo,Sangrur,Punjab
148028,Bo,Sangrur,Punjab
445206,Bo,Yavatmal,Maharashtra
445308,Bo,Yavatmal,Maharashtra
466651,Bo,Sehore,Madhya Pradesh
424310,Bo,Dhule,Maharashtra
148109,Bo,Barnala,Punjab
148103,Bo,Barnala,Punjab
148100,Bo,Barnala,Punjab
148108,Bo,Barnala,Punjab
423502,Bo,Nashik,Maharashtra
423402,Bo,Nashik,Maharashtra
423101,Bo,Nashik,Maharashtra
423201,Bo,Nashik,Maharashtra
423102,Bo,Nashik,Maharashtra
754018,Bo,Cuttack,Odisha
754001,Bo,Cuttack,Odisha
754003,Bo,Cuttack,Odisha
754105,Bo,Cuttack,Odisha
754002,Bo,Cuttack,Odisha
754206,Bo,Cuttack,Odisha
754209,Bo,Cuttack,Odisha
444511,Bo,Akola,Maharashtra
444507,Bo,Washim,Maharashtra
465001,Bo,Shajapur,Madhya Pradesh
465223,Bo,Shajapur,Madhya Pradesh
465226,Bo,Shajapur,Madhya Pradesh
754007,Bo,Cuttack,Odisha
754009,Bo,Cuttack,Odisha
465335,Bo,Shajapur,Madhya Pradesh
465337,Bo,Shajapur,Madhya Pradesh
444302,Bo,Akola,Maharashtra
444401,Bo,Akola,Maharashtra
444102,Bo,Akola,Maharashtra
444110,Bo,Washim,Maharashtra
444105,Bo,Washim,Maharashtra
444405,Bo,Akola,Maharashtra
444503,Bo,Washim,Maharashtra
444106,Bo,Akola,Maharashtra
754203,Bo,Cuttack,Odisha
754006,Bo,Cuttack,Odisha
754004,Bo,Cuttack,Odisha
444403,Bo,Washim,Maharashtra
444409,Bo,Washim,Maharashtra
444111,Bo,Akola,Maharashtra
444004,Bo,Akola,Maharashtra
444103,Bo,Akola,Maharashtra
444104,Bo,Akola,Maharashtra
444404,Bo,Washim,Maharashtra
444107,Bo,Akola,Maharashtra
444117,Bo,Akola,Maharashtra
444311,Bo,Akola,Maharashtra
444501,Bo,Akola,Maharashtra
465441,Bo,Agar Malwa,Madhya Pradesh
465230,Bo,Agar Malwa,Madhya Pradesh
465445,Bo,Agar Malwa,Madhya Pradesh
465220,Bo,Shajapur,Madhya Pradesh
454001,Bo,Dhar,Madhya Pradesh
465550,Bo,Agar Malwa,Madhya Pradesh
122051,Bo,Gurugram,Haryana
445304,Bo,Yavatmal,Maharashtra
754204,Bo,Cuttack,Odisha
754293,Bo,Cuttack,Odisha
754207,Bo,Cuttack,Odisha
754202,Bo,Cuttack,Odisha
754221,Bo,Cuttack,Odisha
415122,Bo,Satara,Maharashtra
445106,Bo,Yavatmal,Maharashtra
415515,Bo,Satara,Maharashtra
415536,Bo,Satara,Maharashtra
465110,Bo,Shajapur,Madhya Pradesh
465106,Bo,Shajapur,Madhya Pradesh
465116,Bo,Shajapur,Madhya Pradesh
465227,Bo,Shajapur,Madhya Pradesh
465333,Bo,Shajapur,Madhya Pradesh
441104,Bo,Nagpur,Maharashtra
465339,Bo,Shajapur,Madhya Pradesh
466120,Bo,Sehore,Madhya Pradesh
143108,Bo,Amritsar,Punjab
143202,Bo,Amritsar,Punjab
143203,Bo,Amritsar,Punjab
143201,Bo,Amritsar,Punjab
143103,Bo,Amritsar,Punjab
126111,Bo,Jind,Haryana
756134,Bo,Baleshwar,Odisha
132115,Bo,Panipat,Haryana
752017,Bo,Puri,Odisha
752002,Bo,Puri,Odisha
752014,Bo,Puri,Odisha
752046,Bo,Puri,Odisha
767019,Bo,Sonepur,Odisha
756115,Bo,Baleshwar,Odisha
148023,Bo,Malerkotla,Punjab
148019,Bo,Malerkotla,Punjab
148106,Bo,Barnala,Punjab
148104,Bo,Barnala,Punjab
148020,Bo,Malerkotla,Punjab
445002,Bo,Yavatmal,Maharashtra
445324,Bo,Yavatmal,Maharashtra
414005,Bo,Ahmednagar,Maharashtra
414305,Bo,Ahmednagar,Maharashtra
333012,Bo,Jhunjhunu,Rajasthan
144526,Bo,Shahid Bhagat Singh Nagar,Punjab
144525,Bo,Shahid Bhagat Singh Nagar,Punjab
144417,Bo,Shahid Bhagat Singh Nagar,Punjab
144505,Bo,Shahid Bhagat Singh Nagar,Punjab
413702,Bo,Ahmednagar,Maharashtra
414503,Bo,Ahmednagar,Maharashtra
414201,Bo,Ahmednagar,Maharashtra
414607,Bo,Ahmednagar,Maharashtra
414002,Bo,Ahmednagar,Maharashtra
413601,Bo,Osmanabad,Maharashtra
413503,Bo,Osmanabad,Maharashtra
413405,Bo,Osmanabad,Maharashtra
413525,Bo,Osmanabad,Maharashtra
767018,Bo,Sonepur,Odisha
767023,Bo,Sonepur,Odisha
767022,Bo,Balangir,Odisha
767040,Bo,Balangir,Odisha
767026,Bo,Balangir,Odisha
767048,Bo,Balangir,Odisha
767065,Bo,Balangir,Odisha
767024,Bo,Balangir,Odisha
767029,Bo,Balangir,Odisha
767061,Bo,Balangir,Odisha
767046,Bo,Balangir,Odisha
767038,Bo,Balangir,Odisha
767067,Bo,Balangir,Odisha
767027,Bo,Balangir,Odisha
752045,Bo,Puri,Odisha
414606,Bo,Ahmednagar,Maharashtra
414103,Bo,Ahmednagar,Maharashtra
756122,Bo,Bhadrak,Odisha
756116,Bo,Bhadrak,Odisha
414504,Bo,Ahmednagar,Maharashtra
754107,Bo,Jagatsinghapur,Odisha
754102,Bo,Jagatsinghapur,Odisha
754108,Bo,Jagatsinghapur,Odisha
148035,Bo,Sangrur,Punjab
148002,Bo,Sangrur,Punjab
148034,Bo,Sangrur,Punjab
148031,Bo,Sangrur,Punjab
148033,Bo,Sangrur,Punjab
148027,Bo,Sangrur,Punjab
431701,Bo,Hingoli,Maharashtra
454441,Bo,Dhar,Madhya Pradesh
144504,Bo,Shahid Bhagat Singh Nagar,Punjab
144502,Bo,Shahid Bhagat Singh Nagar,Punjab
144518,Bo,Shahid Bhagat Singh Nagar,Punjab
144515,Bo,Shahid Bhagat Singh Nagar,Punjab
144512,Bo,Shahid Bhagat Singh Nagar,Punjab
144501,Bo,Shahid Bhagat Singh Nagar,Punjab
144510,Bo,Shahid Bhagat Singh Nagar,Punjab
431507,Bo,Jalna,Maharashtra
756023,Bo,Baleshwar,Odisha
756087,Bo,Baleshwar,Odisha
144516,Bo,Shahid Bhagat Singh Nagar,Punjab
144416,Bo,Jalandhar,Punjab
144418,Bo,Jalandhar,Punjab
144409,Bo,Jalandhar,Punjab
144024,Bo,Jalandhar,Punjab
442605,Bo,Gadchiroli,Maharashtra
442604,Bo,Gadchiroli,Maharashtra
442505,Bo,Chandrapur,Maharashtra
442702,Bo,Chandrapur,Maharashtra
442709,Bo,Gadchiroli,Maharashtra
144524,Bo,Shahid Bhagat Singh Nagar,Punjab
144509,Bo,Shahid Bhagat Singh Nagar,Punjab
305801,Bo,Ajmer,Rajasthan
148107,Bo,Barnala,Punjab
415727,Bo,Ratnagiri,Maharashtra
415640,Bo,Ratnagiri,Maharashtra
415709,Bo,Ratnagiri,Maharashtra
415604,Bo,Ratnagiri,Maharashtra
415203,Bo,Ratnagiri,Maharashtra
444704,Bo,Amravati,Maharashtra
444803,Bo,Amravati,Maharashtra
444717,Bo,Amravati,Maharashtra
444702,Bo,Amravati,Maharashtra
444719,Bo,Amravati,Maharashtra
415702,Bo,Ratnagiri,Maharashtra
415641,Bo,Ratnagiri,Maharashtra
444809,Bo,Amravati,Maharashtra
444808,Bo,Amravati,Maharashtra
444813,Bo,Amravati,Maharashtra
444723,Bo,Amravati,Maharashtra
444706,Bo,Amravati,Maharashtra
444005,Bo,Akola,Maharashtra
756166,Bo,Baleshwar,Odisha
756138,Bo,Bhadrak,Odisha
756137,Bo,Bhadrak,Odisha
752032,Bo,Puri,Odisha
144511,Bo,Shahid Bhagat Singh Nagar,Punjab
144506,Bo,Shahid Bhagat Singh Nagar,Punjab
146105,Bo,Hoshiarpur,Punjab
144531,Bo,Hoshiarpur,Punjab
146107,Bo,Hoshiarpur,Punjab
146022,Bo,Hoshiarpur,Punjab
146111,Bo,Hoshiarpur,Punjab
146112,Bo,Hoshiarpur,Punjab
144528,Bo,Hoshiarpur,Punjab
144529,Bo,Hoshiarpur,Punjab
144532,Bo,Hoshiarpur,Punjab
144105,Bo,Hoshiarpur,Punjab
146109,Bo,Hoshiarpur,Punjab
454660,Bo,Dhar,Madhya Pradesh
454221,Bo,Dhar,Madhya Pradesh
454552,Bo,Dhar,Madhya Pradesh
454449,Bo,Dhar,Madhya Pradesh
454665,Bo,Dhar,Madhya Pradesh
454331,Bo,Dhar,Madhya Pradesh
303006,Bo,Jaipur,Rajasthan
454446,Bo,Dhar,Madhya Pradesh
136119,Bo,Kurukshetra,Haryana
303009,Bo,Jaipur,Rajasthan
303348,Bo,Jaipur,Rajasthan
303005,Bo,Jaipur,Rajasthan
443002,Bo,Buldhana,Maharashtra
443401,Bo,Buldhana,Maharashtra
443201,Bo,Buldhana,Maharashtra
756139,Bo,Bhadrak,Odisha
754109,Bo,Jagatsinghapur,Odisha
442507,Bo,Chandrapur,Maharashtra
441209,Bo,Gadchiroli,Maharashtra
144020,Bo,Jalandhar,Punjab
146021,Bo,Hoshiarpur,Punjab
146106,Bo,Hoshiarpur,Punjab
444807,Bo,Amravati,Maharashtra
136132,Bo,Kurukshetra,Haryana
136131,Bo,Kurukshetra,Haryana
136135,Bo,Kurukshetra,Haryana
136136,Bo,Kurukshetra,Haryana
443102,Bo,Buldhana,Maharashtra
443106,Bo,Buldhana,Maharashtra
124508,Bo,Jhajjar,Haryana
124505,Bo,Jhajjar,Haryana
124105,Bo,Jhajjar,Haryana
124504,Bo,Jhajjar,Haryana
124404,Bo,Jhajjar,Haryana
124501,Bo,Jhajjar,Haryana
124142,Bo,Jhajjar,Haryana
146108,Bo,Hoshiarpur,Punjab
415715,Bo,Ratnagiri,Maharashtra
415708,Bo,Ratnagiri,Maharashtra
415722,Bo,Ratnagiri,Maharashtra
415608,Bo,Ratnagiri,Maharashtra
415202,Bo,Ratnagiri,Maharashtra
415607,Bo,Ratnagiri,Maharashtra
415716,Bo,Ratnagiri,Maharashtra
415214,Bo,Ratnagiri,Maharashtra
415701,Bo,Ratnagiri,Maharashtra
415606,Bo,Ratnagiri,Maharashtra
415628,Bo,Ratnagiri,Maharashtra
124411,Bo,Rohtak,Haryana
124021,Bo,Rohtak,Haryana
443206,Bo,Buldhana,Maharashtra
443204,Bo,Buldhana,Maharashtra
136043,Bo,Kaithal,Haryana
136026,Bo,Kaithal,Haryana
136033,Bo,Kaithal,Haryana
136021,Bo,Kaithal,Haryana
303338,Bo,Jaipur,Rajasthan
303124,Bo,Jaipur,Rajasthan
303603,Bo,Jaipur,Rajasthan
481778,Bo,Dindori,Madhya Pradesh
481990,Bo,Dindori,Madhya Pradesh
415724,Bo,Ratnagiri,Maharashtra
144419,Bo,Jalandhar,Punjab
483001,Bo,Jabalpur,Madhya Pradesh
454773,Bo,Dhar,Madhya Pradesh
331803,Bo,Bikaner,Rajasthan
277205,Bo,Ballia,Uttar Pradesh
481996,Bo,Mandla,Madhya Pradesh
481768,Bo,Mandla,Madhya Pradesh
481664,Bo,Mandla,Madhya Pradesh
481776,Bo,Mandla,Madhya Pradesh
481885,Bo,Mandla,Madhya Pradesh
481662,Bo,Mandla,Madhya Pradesh
481666,Bo,Mandla,Madhya Pradesh
481665,Bo,Mandla,Madhya Pradesh
481663,Bo,Mandla,Madhya Pradesh
472001,Bo,Tikamgarh,Madhya Pradesh
481668,Bo,Mandla,Madhya Pradesh
281204,Bo,Mathura,Uttar Pradesh
281306,Bo,Hathras,Uttar Pradesh
281307,Bo,Hathras,Uttar Pradesh
281123,Bo,Mathura,Uttar Pradesh
136044,Bo,Kaithal,Haryana
133205,Bo,Ambala,Haryana
133201,Bo,Ambala,Haryana
133102,Bo,Ambala,Haryana
133004,Bo,Ambala,Haryana
133203,Bo,Ambala,Haryana
133104,Bo,Ambala,Haryana
133206,Bo,Ambala,Haryana
135106,Bo,Yamunanagar,Haryana
135102,Bo,Yamunanagar,Haryana
136128,Bo,Kurukshetra,Haryana
135101,Bo,Yamunanagar,Haryana
135103,Bo,Yamunanagar,Haryana
135003,Bo,Yamunanagar,Haryana
135002,Bo,Yamunanagar,Haryana
133103,Bo,Yamunanagar,Haryana
242221,Bo,Shahjahanpur,Uttar Pradesh
242223,Bo,Shahjahanpur,Uttar Pradesh
242303,Bo,Shahjahanpur,Uttar Pradesh
242305,Bo,Shahjahanpur,Uttar Pradesh
242405,Bo,Shahjahanpur,Uttar Pradesh
212201,Bo,Kaushambi,Uttar Pradesh
212202,Bo,Kaushambi,Uttar Pradesh
212203,Bo,Kaushambi,Uttar Pradesh
212206,Bo,Kaushambi,Uttar Pradesh
221104,Bo,Varanasi,Uttar Pradesh
221112,Bo,Varanasi,Uttar Pradesh
221101,Bo,Varanasi,Uttar Pradesh
232105,Bo,Chandauli,Uttar Pradesh
232106,Bo,Chandauli,Uttar Pradesh
262123,Bo,Pilibhit,Uttar Pradesh
627152,Bo,Tirunelveli,Tamil Nadu
627356,Bo,Tirunelveli,Tamil Nadu
627108,Bo,Tirunelveli,Tamil Nadu
627502,Bo,Tirunelveli,Tamil Nadu
415602,Bo,Ratnagiri,Maharashtra
281205,Bo,Mathura,Uttar Pradesh
481880,Bo,Dindori,Madhya Pradesh
481882,Bo,Dindori,Madhya Pradesh
481883,Bo,Dindori,Madhya Pradesh
481884,Bo,Dindori,Madhya Pradesh
481661,Bo,Mandla,Madhya Pradesh
242226,Bo,Shahjahanpur,Uttar Pradesh
242301,Bo,Shahjahanpur,Uttar Pradesh
242407,Bo,Shahjahanpur,Uttar Pradesh
242401,Bo,Shahjahanpur,Uttar Pradesh
281404,Bo,Mathura,Uttar Pradesh
281206,Bo,Mathura,Uttar Pradesh
638311,Bo,Erode,Tamil Nadu
636903,Bo,Dharmapuri,Tamil Nadu
636803,Bo,Dharmapuri,Tamil Nadu
635303,Bo,Dharmapuri,Tamil Nadu
635202,Bo,Dharmapuri,Tamil Nadu
636804,Bo,Dharmapuri,Tamil Nadu
636806,Bo,Dharmapuri,Tamil Nadu
635305,Bo,Dharmapuri,Tamil Nadu
636807,Bo,Dharmapuri,Tamil Nadu
636808,Bo,Dharmapuri,Tamil Nadu
636812,Bo,Dharmapuri,Tamil Nadu
636905,Bo,Dharmapuri,Tamil Nadu
636809,Bo,Dharmapuri,Tamil Nadu
636810,Bo,Dharmapuri,Tamil Nadu
635205,Bo,Dharmapuri,Tamil Nadu
636811,Bo,Dharmapuri,Tamil Nadu
636906,Bo,Dharmapuri,Tamil Nadu
635651,Bo,Tirupathur,Tamil Nadu
635655,Bo,Tirupathur,Tamil Nadu
635602,Bo,Tirupathur,Tamil Nadu
635653,Bo,Tirupathur,Tamil Nadu
211012,Bo,Prayagraj,Uttar Pradesh
627133,Bo,Tirunelveli,Tamil Nadu
627127,Bo,Tirunelveli,Tamil Nadu
627151,Bo,Tirunelveli,Tamil Nadu
627354,Bo,Tirunelveli,Tamil Nadu
627355,Bo,Tirunelveli,Tamil Nadu
630411,Bo,Sivaganga,Tamil Nadu
628201,Bo,Tuticorin,Tamil Nadu
628202,Bo,Tuticorin,Tamil Nadu
628151,Bo,Tuticorin,Tamil Nadu
628205,Bo,Tuticorin,Tamil Nadu
628206,Bo,Tuticorin,Tamil Nadu
628704,Bo,Tuticorin,Tamil Nadu
628809,Bo,Tuticorin,Tamil Nadu
628802,Bo,Tuticorin,Tamil Nadu
334202,Bo,Bikaner,Rajasthan
480661,Bo,Seoni,Madhya Pradesh
638656,Bo,Tiruppur,Tamil Nadu
638657,Bo,Tiruppur,Tamil Nadu
638701,Bo,Tiruppur,Tamil Nadu
638661,Bo,Tiruppur,Tamil Nadu
638673,Bo,Tiruppur,Tamil Nadu
415634,Bo,Ratnagiri,Maharashtra
244221,Bo,Amroha,Uttar Pradesh
628622,Bo,Tuticorin,Tamil Nadu
143416,Bo,Tarn Taran,Punjab
143414,Bo,Tarn Taran,Punjab
143302,Bo,Tarn Taran,Punjab
143118,Bo,Tarn Taran,Punjab
143410,Bo,Tarn Taran,Punjab
481879,Bo,Dindori,Madhya Pradesh
144039,Bo,Jalandhar,Punjab
416519,Bo,Sindhudurg,Maharashtra
272124,Bo,Basti,Uttar Pradesh
242127,Bo,Shahjahanpur,Uttar Pradesh
342310,Bo,Jaisalmer,Rajasthan
345025,Bo,Jaisalmer,Rajasthan
345021,Bo,Jaisalmer,Rajasthan
272175,Bo,Sant Kabeer Nagar,Uttar Pradesh
272173,Bo,Sant Kabeer Nagar,Uttar Pradesh
272172,Bo,Sant Kabeer Nagar,Uttar Pradesh
272271,Bo,Sant Kabeer Nagar,Uttar Pradesh
638702,Bo,Tiruppur,Tamil Nadu
638106,Bo,Tiruppur,Tamil Nadu
638706,Bo,Tiruppur,Tamil Nadu
638703,Bo,Tiruppur,Tamil Nadu
638111,Bo,Tiruppur,Tamil Nadu
144819,Bo,Kapurthala,Punjab
345023,Bo,Jaisalmer,Rajasthan
638660,Bo,Tiruppur,Tamil Nadu
641653,Bo,Coimbatore,Tamil Nadu
641104,Bo,Coimbatore,Tamil Nadu
638105,Bo,Tiruppur,Tamil Nadu
641665,Bo,Tiruppur,Tamil Nadu
232101,Bo,Chandauli,Uttar Pradesh
212204,Bo,Kaushambi,Uttar Pradesh
212104,Bo,Prayagraj,Uttar Pradesh
212111,Bo,Prayagraj,Uttar Pradesh
212106,Bo,Prayagraj,Uttar Pradesh
212107,Bo,Prayagraj,Uttar Pradesh
212301,Bo,Prayagraj,Uttar Pradesh
211007,Bo,Prayagraj,Uttar Pradesh
232104,Bo,Chandauli,Uttar Pradesh
221011,Bo,Varanasi,Uttar Pradesh
221005,Bo,Varanasi,Uttar Pradesh
221116,Bo,Varanasi,Uttar Pradesh
232111,Bo,Chandauli,Uttar Pradesh
635654,Bo,Tirupathur,Tamil Nadu
635751,Bo,Tirupathur,Tamil Nadu
141412,Bo,Ludhiana,Punjab
635652,Bo,Tirupathur,Tamil Nadu
209743,Bo,Farrukhabad,Uttar Pradesh
209504,Bo,Farrukhabad,Uttar Pradesh
209652,Bo,Farrukhabad,Uttar Pradesh
144703,Bo,Jalandhar,Punjab
144806,Bo,Jalandhar,Punjab
211008,Bo,Prayagraj,Uttar Pradesh
636902,Bo,Dharmapuri,Tamil Nadu
636805,Bo,Dharmapuri,Tamil Nadu
636904,Bo,Dharmapuri,Tamil Nadu
140506,Bo,S.A.S Nagar,Punjab
140507,Bo,S.A.S Nagar,Punjab
140501,Bo,S.A.S Nagar,Punjab
209501,Bo,Farrukhabad,Uttar Pradesh
627104,Bo,Tirunelveli,Tamil Nadu
627501,Bo,Tirunelveli,Tamil Nadu
627353,Bo,Tirunelveli,Tamil Nadu
627107,Bo,Tirunelveli,Tamil Nadu
342001,Bo,Jodhpur,Rajasthan
342014,Bo,Jodhpur,Rajasthan
345026,Bo,Jaisalmer,Rajasthan
628623,Bo,Tuticorin,Tamil Nadu
628621,Bo,Tuticorin,Tamil Nadu
272153,Bo,Siddharth Nagar,Uttar Pradesh
232118,Bo,Chandauli,Uttar Pradesh
345022,Bo,Jaisalmer,Rajasthan
628204,Bo,Tuticorin,Tamil Nadu
481998,Bo,Mandla,Madhya Pradesh
636352,Bo,Dharmapuri,Tamil Nadu
636701,Bo,Dharmapuri,Tamil Nadu
481995,Bo,Mandla,Madhya Pradesh
481672,Bo,Mandla,Madhya Pradesh
281121,Bo,Mathura,Uttar Pradesh
209651,Bo,Farrukhabad,Uttar Pradesh
160055,Bo,S.A.S Nagar,Punjab
211011,Bo,Prayagraj,Uttar Pradesh
212205,Bo,Kaushambi,Uttar Pradesh
487330,Bo,Narsinghpur,Madhya Pradesh
487770,Bo,Narsinghpur,Madhya Pradesh
487334,Bo,Narsinghpur,Madhya Pradesh
431718,Bo,Nanded,Maharashtra
431808,Bo,Nanded,Maharashtra
431804,Bo,Nanded,Maharashtra
431742,Bo,Nanded,Maharashtra
431708,Bo,Nanded,Maharashtra
431721,Bo,Nanded,Maharashtra
431805,Bo,Nanded,Maharashtra
326036,Bo,Jhalawar,Rajasthan
326035,Bo,Jhalawar,Rajasthan
281006,Bo,Mathura,Uttar Pradesh
342309,Bo,Jodhpur,Rajasthan
142037,Bo,Moga,Punjab
142038,Bo,Moga,Punjab
232107,Bo,Chandauli,Uttar Pradesh
221008,Bo,Varanasi,Uttar Pradesh
232120,Bo,Chandauli,Uttar Pradesh
142039,Bo,Moga,Punjab
142011,Bo,Moga,Punjab
142053,Bo,Moga,Punjab
142048,Bo,Moga,Punjab
326501,Bo,Jhalawar,Rajasthan
627109,Bo,Tirunelveli,Tamil Nadu
627652,Bo,Tirunelveli,Tamil Nadu
627106,Bo,Tirunelveli,Tamil Nadu
630713,Bo,Sivaganga,Tamil Nadu
272171,Bo,Basti,Uttar Pradesh
638672,Bo,Tiruppur,Tamil Nadu
638451,Bo,Erode,Tamil Nadu
638108,Bo,Erode,Tamil Nadu
641103,Bo,Coimbatore,Tamil Nadu
326513,Bo,Jhalawar,Rajasthan
325202,Bo,Baran,Rajasthan
325223,Bo,Baran,Rajasthan
325218,Bo,Baran,Rajasthan
325205,Bo,Baran,Rajasthan
487551,Bo,Narsinghpur,Madhya Pradesh
487118,Bo,Narsinghpur,Madhya Pradesh
487114,Bo,Narsinghpur,Madhya Pradesh
487221,Bo,Narsinghpur,Madhya Pradesh
487555,Bo,Narsinghpur,Madhya Pradesh
325222,Bo,Baran,Rajasthan
325220,Bo,Baran,Rajasthan
325207,Bo,Kota,Rajasthan
324002,Bo,Kota,Rajasthan
326520,Bo,Kota,Rajasthan
325214,Bo,Kota,Rajasthan
142056,Bo,Moga,Punjab
326518,Bo,Kota,Rajasthan
444906,Bo,Amravati,Maharashtra
444908,Bo,Amravati,Maharashtra
444806,Bo,Amravati,Maharashtra
444705,Bo,Amravati,Maharashtra
641401,Bo,Tiruppur,Tamil Nadu
142040,Bo,Moga,Punjab
631301,Bo,Thiruvallur,Tamil Nadu
631302,Bo,Thiruvallur,Tamil Nadu
602021,Bo,Thiruvallur,Tamil Nadu
631203,Bo,Thiruvallur,Tamil Nadu
631206,Bo,Thiruvallur,Tamil Nadu
631207,Bo,Thiruvallur,Tamil Nadu
631402,Bo,Thiruvallur,Tamil Nadu
601102,Bo,Thiruvallur,Tamil Nadu
631208,Bo,Thiruvallur,Tamil Nadu
602023,Bo,Thiruvallur,Tamil Nadu
631211,Bo,Thiruvallur,Tamil Nadu
431806,Bo,Nanded,Maharashtra
431719,Bo,Nanded,Maharashtra
431715,Bo,Nanded,Maharashtra
140201,Bo,S.A.S Nagar,Punjab
144631,Bo,Kapurthala,Punjab
602024,Bo,Thiruvallur,Tamil Nadu
602025,Bo,Thiruvallur,Tamil Nadu
631209,Bo,Thiruvallur,Tamil Nadu
631210,Bo,Thiruvallur,Tamil Nadu
602026,Bo,Thiruvallur,Tamil Nadu
631202,Bo,Thiruvallur,Tamil Nadu
631205,Bo,Thiruvallur,Tamil Nadu
602002,Bo,Thiruvallur,Tamil Nadu
481771,Bo,Mandla,Madhya Pradesh
342301,Bo,Jodhpur,Rajasthan
284403,Bo,Lalitpur,Uttar Pradesh
284402,Bo,Lalitpur,Uttar Pradesh
284122,Bo,Lalitpur,Uttar Pradesh
284123,Bo,Lalitpur,Uttar Pradesh
284124,Bo,Lalitpur,Uttar Pradesh
284405,Bo,Lalitpur,Uttar Pradesh
480555,Bo,Chhindwara,Madhya Pradesh
480449,Bo,Chhindwara,Madhya Pradesh
480224,Bo,Chhindwara,Madhya Pradesh
480551,Bo,Chhindwara,Madhya Pradesh
480108,Bo,Chhindwara,Madhya Pradesh
480105,Bo,Chhindwara,Madhya Pradesh
431709,Bo,Nanded,Maharashtra
431743,Bo,Nanded,Maharashtra
431723,Bo,Nanded,Maharashtra
313704,Bo,Udaipur,Rajasthan
313903,Bo,Udaipur,Rajasthan
313001,Bo,Udaipur,Rajasthan
313601,Bo,Udaipur,Rajasthan
313206,Bo,Udaipur,Rajasthan
313902,Bo,Udaipur,Rajasthan
313904,Bo,Udaipur,Rajasthan
250341,Bo,Meerut,Uttar Pradesh
250221,Bo,Meerut,Uttar Pradesh
250404,Bo,Meerut,Uttar Pradesh
250104,Bo,Meerut,Uttar Pradesh
480557,Bo,Chhindwara,Madhya Pradesh
480334,Bo,Chhindwara,Madhya Pradesh
301001,Bo,Alwar,Rajasthan
301028,Bo,Alwar,Rajasthan
301021,Bo,Alwar,Rajasthan
301414,Bo,Alwar,Rajasthan
301413,Bo,Alwar,Rajasthan
321605,Bo,Alwar,Rajasthan
321606,Bo,Alwar,Rajasthan
301405,Bo,Alwar,Rajasthan
250004,Bo,Meerut,Uttar Pradesh
250401,Bo,Meerut,Uttar Pradesh
250406,Bo,Meerut,Uttar Pradesh
250223,Bo,Meerut,Uttar Pradesh
250342,Bo,Meerut,Uttar Pradesh
250344,Bo,Meerut,Uttar Pradesh
250002,Bo,Meerut,Uttar Pradesh
250626,Bo,Meerut,Uttar Pradesh
250501,Bo,Meerut,Uttar Pradesh
245206,Bo,Meerut,Uttar Pradesh
250205,Bo,Meerut,Uttar Pradesh
250222,Bo,Meerut,Uttar Pradesh
250106,Bo,Meerut,Uttar Pradesh
313901,Bo,Udaipur,Rajasthan
313024,Bo,Udaipur,Rajasthan
480441,Bo,Chhindwara,Madhya Pradesh
480109,Bo,Chhindwara,Madhya Pradesh
480331,Bo,Chhindwara,Madhya Pradesh
480106,Bo,Chhindwara,Madhya Pradesh
480337,Bo,Chhindwara,Madhya Pradesh
273016,Bo,Gorakhpur,Uttar Pradesh
273213,Bo,Gorakhpur,Uttar Pradesh
273308,Bo,Maharajganj,Uttar Pradesh
273406,Bo,Gorakhpur,Uttar Pradesh
273407,Bo,Gorakhpur,Uttar Pradesh
273002,Bo,Gorakhpur,Uttar Pradesh
273155,Bo,Gorakhpur,Uttar Pradesh
273405,Bo,Gorakhpur,Uttar Pradesh
273306,Bo,Maharajganj,Uttar Pradesh
273302,Bo,Maharajganj,Uttar Pradesh
273157,Bo,Maharajganj,Uttar Pradesh
273158,Bo,Gorakhpur,Uttar Pradesh
273201,Bo,Gorakhpur,Uttar Pradesh
631212,Bo,Thiruvallur,Tamil Nadu
604202,Bo,Villupuram,Tamil Nadu
604210,Bo,Villupuram,Tamil Nadu
604102,Bo,Villupuram,Tamil Nadu
604302,Bo,Villupuram,Tamil Nadu
631204,Bo,Thiruvallur,Tamil Nadu
631213,Bo,Thiruvallur,Tamil Nadu
631303,Bo,Thiruvallur,Tamil Nadu
631201,Bo,Thiruvallur,Tamil Nadu
480223,Bo,Chhindwara,Madhya Pradesh
480559,Bo,Chhindwara,Madhya Pradesh
480338,Bo,Chhindwara,Madhya Pradesh
480107,Bo,Chhindwara,Madhya Pradesh
487661,Bo,Narsinghpur,Madhya Pradesh
487441,Bo,Narsinghpur,Madhya Pradesh
487110,Bo,Narsinghpur,Madhya Pradesh
461001,Bo,Hoshangabad,Madhya Pradesh
461661,Bo,Hoshangabad,Madhya Pradesh
325221,Bo,Baran,Rajasthan
627862,Bo,Tenkasi,Tamil Nadu
627851,Bo,Tenkasi,Tamil Nadu
627852,Bo,Tenkasi,Tamil Nadu
273209,Bo,Gorakhpur,Uttar Pradesh
487337,Bo,Narsinghpur,Madhya Pradesh
487881,Bo,Narsinghpur,Madhya Pradesh
326517,Bo,Kota,Rajasthan
470661,Bo,Damoh,Madhya Pradesh
250402,Bo,Meerut,Uttar Pradesh
250110,Bo,Meerut,Uttar Pradesh
250502,Bo,Meerut,Uttar Pradesh
464001,Bo,Vidisha,Madhya Pradesh
627758,Bo,Tenkasi,Tamil Nadu
486441,Bo,Rewa,Madhya Pradesh
481335,Bo,Balaghat,Madhya Pradesh
486669,Bo,Sidhi,Madhya Pradesh
486445,Bo,Rewa,Madhya Pradesh
481449,Bo,Balaghat,Madhya Pradesh
481105,Bo,Balaghat,Madhya Pradesh
209402,Bo,Mathura,Uttar Pradesh
281305,Bo,Mathura,Uttar Pradesh
281202,Bo,Mathura,Uttar Pradesh
281005,Bo,Mathura,Uttar Pradesh
281203,Bo,Mathura,Uttar Pradesh
245101,Bo,Hapur,Uttar Pradesh
481331,Bo,Balaghat,Madhya Pradesh
486881,Bo,Singrauli,Madhya Pradesh
325216,Bo,Baran,Rajasthan
325215,Bo,Baran,Rajasthan
325219,Bo,Baran,Rajasthan
325217,Bo,Baran,Rajasthan
325224,Bo,Baran,Rajasthan
326519,Bo,Kota,Rajasthan
325204,Bo,Kota,Rajasthan
325001,Bo,Kota,Rajasthan
325601,Bo,Kota,Rajasthan
325203,Bo,Kota,Rajasthan
324008,Bo,Kota,Rajasthan
325003,Bo,Kota,Rajasthan
326530,Bo,Kota,Rajasthan
325206,Bo,Baran,Rajasthan
273203,Bo,Gorakhpur,Uttar Pradesh
324010,Bo,Kota,Rajasthan
464573,Bo,Raisen,Madhya Pradesh
464221,Bo,Vidisha,Madhya Pradesh
464220,Bo,Vidisha,Madhya Pradesh
464331,Bo,Vidisha,Madhya Pradesh
464226,Bo,Vidisha,Madhya Pradesh
464224,Bo,Vidisha,Madhya Pradesh
464114,Bo,Vidisha,Madhya Pradesh
464258,Bo,Vidisha,Madhya Pradesh
209863,Bo,Mathura,Uttar Pradesh
471301,Bo,Chhatarpur,Madhya Pradesh
471111,Bo,Chhatarpur,Madhya Pradesh
471315,Bo,Chhatarpur,Madhya Pradesh
471510,Bo,Chhatarpur,Madhya Pradesh
471001,Bo,Chhatarpur,Madhya Pradesh
471311,Bo,Chhatarpur,Madhya Pradesh
250103,Bo,Meerut,Uttar Pradesh
301604,Bo,Alwar,Rajasthan
464337,Bo,Vidisha,Madhya Pradesh
464113,Bo,Vidisha,Madhya Pradesh
464111,Bo,Vidisha,Madhya Pradesh
464228,Bo,Vidisha,Madhya Pradesh
462101,Bo,Bhopal,Madhya Pradesh
471105,Bo,Chhatarpur,Madhya Pradesh
463111,Bo,Bhopal,Madhya Pradesh
462120,Bo,Bhopal,Madhya Pradesh
464993,Bo,Raisen,Madhya Pradesh
462044,Bo,Bhopal,Madhya Pradesh
604304,Bo,Villupuram,Tamil Nadu
604303,Bo,Villupuram,Tamil Nadu
604204,Bo,Villupuram,Tamil Nadu
604307,Bo,Villupuram,Tamil Nadu
604153,Bo,Villupuram,Tamil Nadu
604203,Bo,Villupuram,Tamil Nadu
604205,Bo,Villupuram,Tamil Nadu
604152,Bo,Villupuram,Tamil Nadu
604305,Bo,Villupuram,Tamil Nadu
604306,Bo,Villupuram,Tamil Nadu
604208,Bo,Villupuram,Tamil Nadu
323001,Bo,Bundi,Rajasthan
458220,Bo,Neemuch,Madhya Pradesh
458228,Bo,Neemuch,Madhya Pradesh
457661,Bo,Jhabua,Madhya Pradesh
457887,Bo,Alirajpur,Madhya Pradesh
457770,Bo,Jhabua,Madhya Pradesh
464661,Bo,Raisen,Madhya Pradesh
451228,Bo,Khargone,Madhya Pradesh
451224,Bo,Khargone,Madhya Pradesh
451115,Bo,Khargone,Madhya Pradesh
451221,Bo,Khargone,Madhya Pradesh
451881,Bo,Barwani,Madhya Pradesh
451556,Bo,Barwani,Madhya Pradesh
451551,Bo,Barwani,Madhya Pradesh
451449,Bo,Barwani,Madhya Pradesh
451332,Bo,Khargone,Madhya Pradesh
451113,Bo,Khargone,Madhya Pradesh
451331,Bo,Khargone,Madhya Pradesh
451441,Bo,Khargone,Madhya Pradesh
451335,Bo,Khargone,Madhya Pradesh
471405,Bo,Chhatarpur,Madhya Pradesh
471318,Bo,Chhatarpur,Madhya Pradesh
284404,Bo,Lalitpur,Uttar Pradesh
284406,Bo,Lalitpur,Uttar Pradesh
460001,Bo,Betul,Madhya Pradesh
460110,Bo,Betul,Madhya Pradesh
460004,Bo,Betul,Madhya Pradesh
301019,Bo,Alwar,Rajasthan
301018,Bo,Alwar,Rajasthan
301702,Bo,Alwar,Rajasthan
460220,Bo,Betul,Madhya Pradesh
460553,Bo,Betul,Madhya Pradesh
460551,Bo,Betul,Madhya Pradesh
471525,Bo,Chhatarpur,Madhya Pradesh
471101,Bo,Chhatarpur,Madhya Pradesh
281504,Bo,Mathura,Uttar Pradesh
471313,Bo,Chhatarpur,Madhya Pradesh
471515,Bo,Chhatarpur,Madhya Pradesh
471606,Bo,Chhatarpur,Madhya Pradesh
471516,Bo,Chhatarpur,Madhya Pradesh
471501,Bo,Chhatarpur,Madhya Pradesh
471201,Bo,Chhatarpur,Madhya Pradesh
471625,Bo,Chhatarpur,Madhya Pradesh
471408,Bo,Chhatarpur,Madhya Pradesh
486666,Bo,Sidhi,Madhya Pradesh
486775,Bo,Sidhi,Madhya Pradesh
486892,Bo,Singrauli,Madhya Pradesh
488441,Bo,Panna,Madhya Pradesh
488333,Bo,Panna,Madhya Pradesh
488222,Bo,Panna,Madhya Pradesh
488050,Bo,Panna,Madhya Pradesh
488001,Bo,Panna,Madhya Pradesh
488446,Bo,Panna,Madhya Pradesh
488448,Bo,Panna,Madhya Pradesh
486333,Bo,Rewa,Madhya Pradesh
451770,Bo,Barwani,Madhya Pradesh
477001,Bo,Bhind,Madhya Pradesh
477332,Bo,Bhind,Madhya Pradesh
477449,Bo,Bhind,Madhya Pradesh
477227,Bo,Bhind,Madhya Pradesh
477446,Bo,Bhind,Madhya Pradesh
477111,Bo,Bhind,Madhya Pradesh
477566,Bo,Bhind,Madhya Pradesh
474006,Bo,Gwalior,Madhya Pradesh
475002,Bo,Gwalior,Madhya Pradesh
474005,Bo,Gwalior,Madhya Pradesh
475330,Bo,Gwalior,Madhya Pradesh
472010,Bo,Tikamgarh,Madhya Pradesh
472111,Bo,Tikamgarh,Madhya Pradesh
460554,Bo,Betul,Madhya Pradesh
460330,Bo,Betul,Madhya Pradesh
460663,Bo,Betul,Madhya Pradesh
600047,Bo,Chengalpattu,Tamil Nadu
600045,Bo,Chengalpattu,Tamil Nadu
600044,Bo,Chengalpattu,Tamil Nadu
600073,Bo,Chengalpattu,Tamil Nadu
600059,Bo,Chengalpattu,Tamil Nadu
600063,Bo,Chengalpattu,Tamil Nadu
601301,Bo,Kanchipuram,Tamil Nadu
484001,Bo,Shahdol,Madhya Pradesh
606902,Bo,Tiruvannamalai,Tamil Nadu
606908,Bo,Tiruvannamalai,Tamil Nadu
606702,Bo,Tiruvannamalai,Tamil Nadu
606904,Bo,Tiruvannamalai,Tamil Nadu
606752,Bo,Tiruvannamalai,Tamil Nadu
606703,Bo,Tiruvannamalai,Tamil Nadu
606802,Bo,Tiruvannamalai,Tamil Nadu
606704,Bo,Tiruvannamalai,Tamil Nadu
606710,Bo,Tiruvannamalai,Tamil Nadu
450445,Bo,Burhanpur,Madhya Pradesh
464240,Bo,Sagar,Madhya Pradesh
461221,Bo,Hoshangabad,Madhya Pradesh
283104,Bo,Agra,Uttar Pradesh
606803,Bo,Tiruvannamalai,Tamil Nadu
606706,Bo,Tiruvannamalai,Tamil Nadu
606611,Bo,Tiruvannamalai,Tamil Nadu
606603,Bo,Tiruvannamalai,Tamil Nadu
606707,Bo,Tiruvannamalai,Tamil Nadu
606708,Bo,Tiruvannamalai,Tamil Nadu
606709,Bo,Tiruvannamalai,Tamil Nadu
606753,Bo,Tiruvannamalai,Tamil Nadu
606604,Bo,Tiruvannamalai,Tamil Nadu
606754,Bo,Tiruvannamalai,Tamil Nadu
606751,Bo,Tiruvannamalai,Tamil Nadu
604601,Bo,Tiruvannamalai,Tamil Nadu
606806,Bo,Tiruvannamalai,Tamil Nadu
632101,Bo,Vellore,Tamil Nadu
632055,Bo,Vellore,Tamil Nadu
632113,Bo,Vellore,Tamil Nadu
606705,Bo,Tiruvannamalai,Tamil Nadu
321206,Bo,Bharatpur,Rajasthan
321205,Bo,Bharatpur,Rajasthan
321204,Bo,Bharatpur,Rajasthan
321202,Bo,Bharatpur,Rajasthan
321642,Bo,Bharatpur,Rajasthan
321024,Bo,Bharatpur,Rajasthan
313604,Bo,Udaipur,Rajasthan
314001,Bo,Dungarpur,Rajasthan
314037,Bo,Dungarpur,Rajasthan
314021,Bo,Dungarpur,Rajasthan
314023,Bo,Dungarpur,Rajasthan
328001,Bo,Dholpur,Rajasthan
328031,Bo,Dholpur,Rajasthan
328021,Bo,Dholpur,Rajasthan
328023,Bo,Dholpur,Rajasthan
283201,Bo,Agra,Uttar Pradesh
283113,Bo,Agra,Uttar Pradesh
282005,Bo,Agra,Uttar Pradesh
283202,Bo,Agra,Uttar Pradesh
283111,Bo,Agra,Uttar Pradesh
321405,Bo,Bharatpur,Rajasthan
321403,Bo,Bharatpur,Rajasthan
314031,Bo,Dungarpur,Rajasthan
624101,Bo,Dindigul,Tamil Nadu
624212,Bo,Dindigul,Tamil Nadu
624103,Bo,Dindigul,Tamil Nadu
624206,Bo,Dindigul,Tamil Nadu
610102,Bo,Thiruvarur,Tamil Nadu
303604,Bo,Jaipur,Rajasthan
303602,Bo,Jaipur,Rajasthan
303901,Bo,Jaipur,Rajasthan
303904,Bo,Jaipur,Rajasthan
303008,Bo,Jaipur,Rajasthan
303328,Bo,Jaipur,Rajasthan
303706,Bo,Jaipur,Rajasthan
303007,Bo,Jaipur,Rajasthan
344701,Bo,Barmer,Rajasthan
284136,Bo,Lalitpur,Uttar Pradesh
344033,Bo,Barmer,Rajasthan
303908,Bo,Jaipur,Rajasthan
323026,Bo,Bundi,Rajasthan
323024,Bo,Bundi,Rajasthan
323802,Bo,Bundi,Rajasthan
323301,Bo,Bundi,Rajasthan
323616,Bo,Bundi,Rajasthan
624211,Bo,Dindigul,Tamil Nadu
624707,Bo,Dindigul,Tamil Nadu
624215,Bo,Dindigul,Tamil Nadu
624708,Bo,Dindigul,Tamil Nadu
624216,Bo,Dindigul,Tamil Nadu
624219,Bo,Dindigul,Tamil Nadu
624220,Bo,Dindigul,Tamil Nadu
624612,Bo,Dindigul,Tamil Nadu
624613,Bo,Dindigul,Tamil Nadu
624614,Bo,Dindigul,Tamil Nadu
303509,Bo,Dausa,Rajasthan
303505,Bo,Dausa,Rajasthan
303506,Bo,Dausa,Rajasthan
303510,Bo,Dausa,Rajasthan
321612,Bo,Dausa,Rajasthan
321613,Bo,Dausa,Rajasthan
303326,Bo,Dausa,Rajasthan
303508,Bo,Dausa,Rajasthan
303302,Bo,Dausa,Rajasthan
303507,Bo,Dausa,Rajasthan
323023,Bo,Bundi,Rajasthan
323613,Bo,Bundi,Rajasthan
624704,Bo,Dindigul,Tamil Nadu
606905,Bo,Tiruvannamalai,Tamil Nadu
606804,Bo,Tiruvannamalai,Tamil Nadu
624615,Bo,Dindigul,Tamil Nadu
606601,Bo,Tiruvannamalai,Tamil Nadu
606805,Bo,Tiruvannamalai,Tamil Nadu
606907,Bo,Tiruvannamalai,Tamil Nadu
606906,Bo,Tiruvannamalai,Tamil Nadu
606808,Bo,Tiruvannamalai,Tamil Nadu
312624,Bo,Pratapgarh,Rajasthan
327605,Bo,Banswara,Rajasthan
327602,Bo,Banswara,Rajasthan
327025,Bo,Banswara,Rajasthan
327026,Bo,Banswara,Rajasthan
632010,Bo,Vellore,Tamil Nadu
321615,Bo,Bharatpur,Rajasthan
624210,Bo,Dindigul,Tamil Nadu
624610,Bo,Dindigul,Tamil Nadu
313038,Bo,Udaipur,Rajasthan
721232,Bo,Medinipur West,West Bengal
721149,Bo,Medinipur West,West Bengal
721156,Bo,Medinipur West,West Bengal
637401,Bo,Namakkal,Tamil Nadu
636301,Bo,Namakkal,Tamil Nadu
637403,Bo,Namakkal,Tamil Nadu
636202,Bo,Namakkal,Tamil Nadu
636451,Bo,Salem,Tamil Nadu
283114,Bo,Agra,Uttar Pradesh
283126,Bo,Agra,Uttar Pradesh
636354,Bo,Salem,Tamil Nadu
637502,Bo,Salem,Tamil Nadu
721260,Bo,Medinipur West,West Bengal
721140,Bo,Medinipur West,West Bengal
283123,Bo,Agra,Uttar Pradesh
282007,Bo,Agra,Uttar Pradesh
282006,Bo,Agra,Uttar Pradesh
282009,Bo,Agra,Uttar Pradesh
283101,Bo,Agra,Uttar Pradesh
283102,Bo,Agra,Uttar Pradesh
283105,Bo,Agra,Uttar Pradesh
224001,Bo,Ayodhya,Uttar Pradesh
224225,Bo,Ayodhya,Uttar Pradesh
224121,Bo,Ayodhya,Uttar Pradesh
282002,Bo,Agra,Uttar Pradesh
283110,Bo,Agra,Uttar Pradesh
224123,Bo,Ayodhya,Uttar Pradesh
224126,Bo,Ayodhya,Uttar Pradesh
224127,Bo,Ayodhya,Uttar Pradesh
224202,Bo,Ayodhya,Uttar Pradesh
224116,Bo,Ayodhya,Uttar Pradesh
224204,Bo,Ayodhya,Uttar Pradesh
224209,Bo,Ayodhya,Uttar Pradesh
224135,Bo,Ayodhya,Uttar Pradesh
224189,Bo,Ayodhya,Uttar Pradesh
314801,Bo,Dungarpur,Rajasthan
314030,Bo,Dungarpur,Rajasthan
314035,Bo,Dungarpur,Rajasthan
314036,Bo,Dungarpur,Rajasthan
224141,Bo,Ayodhya,Uttar Pradesh
224208,Bo,Ayodhya,Uttar Pradesh
224228,Bo,Ayodhya,Uttar Pradesh
224206,Bo,Ayodhya,Uttar Pradesh
342311,Bo,Jodhpur,Rajasthan
342901,Bo,Jodhpur,Rajasthan
636204,Bo,Salem,Tamil Nadu
636006,Bo,Salem,Tamil Nadu
331304,Bo,Churu,Rajasthan
331022,Bo,Churu,Rajasthan
636111,Bo,Salem,Tamil Nadu
636122,Bo,Salem,Tamil Nadu
636308,Bo,Salem,Tamil Nadu
636601,Bo,Salem,Tamil Nadu
636602,Bo,Salem,Tamil Nadu
147004,Bo,Patiala,Punjab
331501,Bo,Churu,Rajasthan
721144,Bo,Medinipur East,West Bengal
721160,Bo,Medinipur West,West Bengal
721242,Bo,Medinipur West,West Bengal
721253,Bo,Medinipur West,West Bengal
721146,Bo,Medinipur West,West Bengal
147102,Bo,Patiala,Punjab
147021,Bo,Patiala,Punjab
147201,Bo,Patiala,Punjab
151210,Bo,Sri Muktsar Sahib,Punjab
152115,Bo,Sri Muktsar Sahib,Punjab
152031,Bo,Sri Muktsar Sahib,Punjab
152101,Bo,Sri Muktsar Sahib,Punjab
147202,Bo,Patiala,Punjab
143402,Bo,Tarn Taran,Punjab
141127,Bo,Ludhiana,Punjab
151205,Bo,Faridkot,Punjab
151213,Bo,Faridkot,Punjab
151202,Bo,Faridkot,Punjab
151204,Bo,Faridkot,Punjab
224183,Bo,Ambedkar Nagar,Uttar Pradesh
224186,Bo,Ambedkar Nagar,Uttar Pradesh
224227,Bo,Ambedkar Nagar,Uttar Pradesh
224190,Bo,Ambedkar Nagar,Uttar Pradesh
721136,Bo,Medinipur West,West Bengal
721166,Bo,Medinipur West,West Bengal
143111,Bo,Amritsar,Punjab
143022,Bo,Amritsar,Punjab
143601,Bo,Amritsar,Punjab
144801,Bo,Jalandhar,Punjab
144629,Bo,Jalandhar,Punjab
152025,Bo,Sri Muktsar Sahib,Punjab
147005,Bo,Patiala,Punjab
147203,Bo,Fatehgarh Sahib,Punjab
148022,Bo,Sangrur,Punjab
148017,Bo,Sangrur,Punjab
148026,Bo,Sangrur,Punjab
148029,Bo,Sangrur,Punjab
148030,Bo,Sangrur,Punjab
148024,Bo,Sangrur,Punjab
151507,Bo,Mansa,Punjab
151302,Bo,Bathinda,Punjab
151501,Bo,Mansa,Punjab
151005,Bo,Bathinda,Punjab
151206,Bo,Bathinda,Punjab
151508,Bo,Mansa,Punjab
151504,Bo,Mansa,Punjab
151101,Bo,Bathinda,Punjab
144701,Bo,Jalandhar,Punjab
144041,Bo,Jalandhar,Punjab
144040,Bo,Jalandhar,Punjab
147104,Bo,Patiala,Punjab
140406,Bo,Fatehgarh Sahib,Punjab
141126,Bo,Ludhiana,Punjab
140408,Bo,Fatehgarh Sahib,Punjab
224133,Bo,Ayodhya,Uttar Pradesh
151502,Bo,Mansa,Punjab
151201,Bo,Bathinda,Punjab
151506,Bo,Mansa,Punjab
151510,Bo,Mansa,Punjab
231305,Bo,Mirzapur,Uttar Pradesh
151208,Bo,Moga,Punjab
209745,Bo,Farrukhabad,Uttar Pradesh
209747,Bo,Kannauj,Uttar Pradesh
209735,Bo,Kannauj,Uttar Pradesh
209727,Bo,Kannauj,Uttar Pradesh
209728,Bo,Kannauj,Uttar Pradesh
224235,Bo,Ambedkar Nagar,Uttar Pradesh
144624,Bo,Kapurthala,Punjab
143119,Bo,Amritsar,Punjab
148102,Bo,Barnala,Punjab
262001,Bo,Pilibhit,Uttar Pradesh
231211,Bo,Mirzapur,Uttar Pradesh
231215,Bo,Sonbhadra,Uttar Pradesh
231213,Bo,Sonbhadra,Uttar Pradesh
148105,Bo,Barnala,Punjab
141117,Bo,Ludhiana,Punjab
144404,Bo,Hoshiarpur,Punjab
151503,Bo,Mansa,Punjab
151111,Bo,Bathinda,Punjab
151002,Bo,Bathinda,Punjab
148018,Bo,Sangrur,Punjab
148021,Bo,Malerkotla,Punjab
148101,Bo,Barnala,Punjab
209503,Bo,Farrukhabad,Uttar Pradesh
209729,Bo,Kannauj,Uttar Pradesh
209731,Bo,Kannauj,Uttar Pradesh
209734,Bo,Kannauj,Uttar Pradesh
209732,Bo,Kannauj,Uttar Pradesh
209738,Bo,Kannauj,Uttar Pradesh
151106,Bo,Bathinda,Punjab
230401,Bo,Pratapgarh,Uttar Pradesh
230204,Bo,Pratapgarh,Uttar Pradesh
230132,Bo,Pratapgarh,Uttar Pradesh
230403,Bo,Pratapgarh,Uttar Pradesh
230402,Bo,Pratapgarh,Uttar Pradesh
230135,Bo,Pratapgarh,Uttar Pradesh
230002,Bo,Pratapgarh,Uttar Pradesh
230121,Bo,Pratapgarh,Uttar Pradesh
230304,Bo,Pratapgarh,Uttar Pradesh
230138,Bo,Pratapgarh,Uttar Pradesh
230139,Bo,Pratapgarh,Uttar Pradesh
230141,Bo,Pratapgarh,Uttar Pradesh
146110,Bo,Hoshiarpur,Punjab
144519,Bo,Hoshiarpur,Punjab
151505,Bo,Mansa,Punjab
144623,Bo,Jalandhar,Punjab
143109,Bo,Amritsar,Punjab
143107,Bo,Amritsar,Punjab
143009,Bo,Amritsar,Punjab
143113,Bo,Amritsar,Punjab
143301,Bo,Tarn Taran,Punjab
143408,Bo,Tarn Taran,Punjab
143411,Bo,Tarn Taran,Punjab
143407,Bo,Tarn Taran,Punjab
143412,Bo,Tarn Taran,Punjab
143304,Bo,Tarn Taran,Punjab
143149,Bo,Amritsar,Punjab
741122,Bo,Nadia,West Bengal
742163,Bo,Murshidabad,West Bengal
742401,Bo,Murshidabad,West Bengal
742201,Bo,Murshidabad,West Bengal
742122,Bo,Murshidabad,West Bengal
742235,Bo,Murshidabad,West Bengal
742135,Bo,Murshidabad,West Bengal
742202,Bo,Murshidabad,West Bengal
742213,Bo,Murshidabad,West Bengal
742123,Bo,Murshidabad,West Bengal
742148,Bo,Murshidabad,West Bengal
742184,Bo,Murshidabad,West Bengal
742224,Bo,Murshidabad,West Bengal
742226,Bo,Murshidabad,West Bengal
742404,Bo,Murshidabad,West Bengal
742212,Bo,Murshidabad,West Bengal
742227,Bo,Murshidabad,West Bengal
742223,Bo,Murshidabad,West Bengal
742237,Bo,Murshidabad,West Bengal
741161,Bo,Nadia,West Bengal
742113,Bo,Murshidabad,West Bengal
742166,Bo,Murshidabad,West Bengal
742304,Bo,Murshidabad,West Bengal
742305,Bo,Murshidabad,West Bengal
742187,Bo,Murshidabad,West Bengal
742308,Bo,Murshidabad,West Bengal
742175,Bo,Murshidabad,West Bengal
742306,Bo,Murshidabad,West Bengal
742174,Bo,Murshidabad,West Bengal
742405,Bo,Murshidabad,West Bengal
742151,Bo,Murshidabad,West Bengal
742303,Bo,Murshidabad,West Bengal
713152,Bo,Purba Bardhaman,West Bengal
713125,Bo,Purba Bardhaman,West Bengal
722152,Bo,Bankura,West Bengal
713520,Bo,Purba Bardhaman,West Bengal
713126,Bo,Purba Bardhaman,West Bengal
713127,Bo,Purba Bardhaman,West Bengal
713406,Bo,Purba Bardhaman,West Bengal
713128,Bo,Purba Bardhaman,West Bengal
713407,Bo,Purba Bardhaman,West Bengal
713408,Bo,Purba Bardhaman,West Bengal
713141,Bo,Purba Bardhaman,West Bengal
713428,Bo,Purba Bardhaman,West Bengal
713401,Bo,Purba Bardhaman,West Bengal
713121,Bo,Purba Bardhaman,West Bengal
713122,Bo,Purba Bardhaman,West Bengal
731124,Bo,Birbhum,West Bengal
731214,Bo,Birbhum,West Bengal
731126,Bo,Birbhum,West Bengal
731125,Bo,Birbhum,West Bengal
731215,Bo,Birbhum,West Bengal
731302,Bo,Birbhum,West Bengal
713124,Bo,Purba Bardhaman,West Bengal
713153,Bo,Purba Bardhaman,West Bengal
713403,Bo,Purba Bardhaman,West Bengal
713104,Bo,Purba Bardhaman,West Bengal
713404,Bo,Purba Bardhaman,West Bengal
722153,Bo,Bankura,West Bengal
713131,Bo,Purba Bardhaman,West Bengal
742149,Bo,Murshidabad,West Bengal
742168,Bo,Murshidabad,West Bengal
742138,Bo,Murshidabad,West Bengal
742132,Bo,Murshidabad,West Bengal
742301,Bo,Murshidabad,West Bengal
736146,Bo,Coochbehar,West Bengal
736169,Bo,Coochbehar,West Bengal
736156,Bo,Coochbehar,West Bengal
735214,Bo,Alipurduar,West Bengal
731303,Bo,Birbhum,West Bengal
736201,Bo,Alipurduar,West Bengal
735217,Bo,Alipurduar,West Bengal
736202,Bo,Alipurduar,West Bengal
736204,Bo,Alipurduar,West Bengal
736145,Bo,Coochbehar,West Bengal
743318,Bo,24 Paraganas South,West Bengal
743503,Bo,24 Paraganas South,West Bengal
721135,Bo,Medinipur West,West Bengal
743329,Bo,24 Paraganas South,West Bengal
743330,Bo,24 Paraganas South,West Bengal
743372,Bo,24 Paraganas South,West Bengal
743399,Bo,24 Paraganas South,West Bengal
743504,Bo,24 Paraganas South,West Bengal
741404,Bo,Nadia,West Bengal
743513,Bo,24 Paraganas South,West Bengal
743336,Bo,24 Paraganas South,West Bengal
700137,Bo,24 Paraganas South,West Bengal
743378,Bo,24 Paraganas South,West Bengal
742136,Bo,Murshidabad,West Bengal
742140,Bo,Murshidabad,West Bengal
742147,Bo,Murshidabad,West Bengal
742159,Bo,Murshidabad,West Bengal
742161,Bo,Murshidabad,West Bengal
742103,Bo,Murshidabad,West Bengal
721143,Bo,Jhargram,West Bengal
721501,Bo,Jhargram,West Bengal
721503,Bo,Jhargram,West Bengal
721504,Bo,Bankura,West Bengal
721505,Bo,Jhargram,West Bengal
721506,Bo,Jhargram,West Bengal
736182,Bo,Alipurduar,West Bengal
721157,Bo,Medinipur West,West Bengal
721131,Bo,Medinipur West,West Bengal
721155,Bo,Medinipur West,West Bengal
721150,Bo,Medinipur West,West Bengal
721301,Bo,Medinipur West,West Bengal
721222,Bo,Medinipur West,West Bengal
700154,Bo,24 Paraganas South,West Bengal
743370,Bo,24 Paraganas South,West Bengal
721305,Bo,Medinipur West,West Bengal
722122,Bo,Bankura,West Bengal
722157,Bo,Bankura,West Bengal
722132,Bo,Bankura,West Bengal
722162,Bo,Bankura,West Bengal
722133,Bo,Bankura,West Bengal
722134,Bo,Bankura,West Bengal
722135,Bo,Bankura,West Bengal
722205,Bo,Bankura,West Bengal
722136,Bo,Bankura,West Bengal
722154,Bo,Bankura,West Bengal
743337,Bo,24 Paraganas South,West Bengal
743349,Bo,24 Paraganas South,West Bengal
743610,Bo,24 Paraganas South,West Bengal
700141,Bo,24 Paraganas South,West Bengal
700145,Bo,24 Paraganas South,West Bengal
743354,Bo,24 Paraganas South,West Bengal
743338,Bo,24 Paraganas South,West Bengal
700152,Bo,24 Paraganas South,West Bengal
743611,Bo,24 Paraganas South,West Bengal
743387,Bo,24 Paraganas South,West Bengal
743383,Bo,24 Paraganas South,West Bengal
700150,Bo,24 Paraganas South,West Bengal
743395,Bo,24 Paraganas South,West Bengal
743376,Bo,24 Paraganas South,West Bengal
743502,Bo,24 Paraganas South,West Bengal
722151,Bo,Bankura,West Bengal
722207,Bo,Bankura,West Bengal
731222,Bo,Murshidabad,West Bengal
743145,Bo,24 Paraganas North,West Bengal
743126,Bo,24 Paraganas North,West Bengal
743127,Bo,24 Paraganas North,West Bengal
700110,Bo,24 Paraganas North,West Bengal
700083,Bo,24 Paraganas North,West Bengal
700059,Bo,24 Paraganas North,West Bengal
700156,Bo,24 Paraganas North,West Bengal
731243,Bo,Birbhum,West Bengal
731221,Bo,Birbhum,West Bengal
731223,Bo,Birbhum,West Bengal
731121,Bo,Birbhum,West Bengal
721516,Bo,Jhargram,West Bengal
731201,Bo,Birbhum,West Bengal
700103,Bo,24 Paraganas South,West Bengal
743165,Bo,24 Paraganas North,West Bengal
700121,Bo,24 Paraganas North,West Bengal
731240,Bo,Birbhum,West Bengal
731103,Bo,Birbhum,West Bengal
735215,Bo,Alipurduar,West Bengal
736203,Bo,Alipurduar,West Bengal
731204,Bo,Birbhum,West Bengal
731123,Bo,Birbhum,West Bengal
731102,Bo,Birbhum,West Bengal
736172,Bo,Coochbehar,West Bengal
736179,Bo,Coochbehar,West Bengal
742121,Bo,Murshidabad,West Bengal
742189,Bo,Murshidabad,West Bengal
742165,Bo,Murshidabad,West Bengal
742406,Bo,Murshidabad,West Bengal
742133,Bo,Murshidabad,West Bengal
700138,Bo,24 Paraganas South,West Bengal
743377,Bo,24 Paraganas South,West Bengal
743363,Bo,24 Paraganas South,West Bengal
743312,Bo,24 Paraganas South,West Bengal
700140,Bo,24 Paraganas South,West Bengal
700151,Bo,24 Paraganas South,West Bengal
713148,Bo,Paschim Bardhaman,West Bengal
731104,Bo,Birbhum,West Bengal
721632,Bo,Medinipur East,West Bengal
721631,Bo,Medinipur East,West Bengal
721633,Bo,Medinipur East,West Bengal
721629,Bo,Medinipur East,West Bengal
731301,Bo,Birbhum,West Bengal
721159,Bo,Jhargram,West Bengal
742134,Bo,Murshidabad,West Bengal
713146,Bo,Purba Bardhaman,West Bengal
713166,Bo,Purba Bardhaman,West Bengal
713102,Bo,Purba Bardhaman,West Bengal
700104,Bo,24 Paraganas South,West Bengal
